project_name,smell_name,occurrences,Lines of Code
lucidrains/reformer-pytorch,gradients_not_cleared_before_backward_propagation,3,1406
lucidrains/reformer-pytorch,pytorch_call_method_misused,0,1406
lucidrains/reformer-pytorch,in_place_apis_misused,0,1406
lucidrains/reformer-pytorch,columns_and_datatype_not_explicitly_set,0,1406
lucidrains/reformer-pytorch,tensor_array_not_used,0,1406
lucidrains/reformer-pytorch,dataframe_conversion_api_misused,0,1406
lucidrains/reformer-pytorch,unnecessary_iteration,0,1406
lucidrains/reformer-pytorch,Chain_Indexing,0,1406
hysts/pytorch_image_classification,gradients_not_cleared_before_backward_propagation,2,4643
hysts/pytorch_image_classification,pytorch_call_method_misused,0,4643
hysts/pytorch_image_classification,in_place_apis_misused,0,4643
hysts/pytorch_image_classification,columns_and_datatype_not_explicitly_set,0,4643
hysts/pytorch_image_classification,tensor_array_not_used,0,4643
hysts/pytorch_image_classification,dataframe_conversion_api_misused,0,4643
hysts/pytorch_image_classification,unnecessary_iteration,0,4643
hysts/pytorch_image_classification,Chain_Indexing,0,4643
songlab-cal/tape,gradients_not_cleared_before_backward_propagation,1,4763
songlab-cal/tape,pytorch_call_method_misused,0,4763
songlab-cal/tape,in_place_apis_misused,0,4763
songlab-cal/tape,columns_and_datatype_not_explicitly_set,0,4763
songlab-cal/tape,tensor_array_not_used,0,4763
songlab-cal/tape,dataframe_conversion_api_misused,0,4763
songlab-cal/tape,unnecessary_iteration,0,4763
songlab-cal/tape,Chain_Indexing,0,4763
snipsco/tract,gradients_not_cleared_before_backward_propagation,0,249
snipsco/tract,pytorch_call_method_misused,2,249
snipsco/tract,in_place_apis_misused,0,249
snipsco/tract,columns_and_datatype_not_explicitly_set,0,249
snipsco/tract,tensor_array_not_used,0,249
snipsco/tract,dataframe_conversion_api_misused,0,249
snipsco/tract,unnecessary_iteration,0,249
snipsco/tract,Chain_Indexing,0,249
interpretml/interpret-text,gradients_not_cleared_before_backward_propagation,0,3659
interpretml/interpret-text,pytorch_call_method_misused,2,3659
interpretml/interpret-text,in_place_apis_misused,12,3659
interpretml/interpret-text,columns_and_datatype_not_explicitly_set,6,3659
interpretml/interpret-text,tensor_array_not_used,0,3659
interpretml/interpret-text,dataframe_conversion_api_misused,0,3659
interpretml/interpret-text,unnecessary_iteration,0,3659
interpretml/interpret-text,Chain_Indexing,0,3659
drscotthawley/panotti,gradients_not_cleared_before_backward_propagation,0,2175
drscotthawley/panotti,pytorch_call_method_misused,0,2175
drscotthawley/panotti,in_place_apis_misused,0,2175
drscotthawley/panotti,columns_and_datatype_not_explicitly_set,1,2175
drscotthawley/panotti,tensor_array_not_used,0,2175
drscotthawley/panotti,dataframe_conversion_api_misused,0,2175
drscotthawley/panotti,unnecessary_iteration,0,2175
drscotthawley/panotti,Chain_Indexing,0,2175
MAIF/melusine,gradients_not_cleared_before_backward_propagation,0,4435
MAIF/melusine,pytorch_call_method_misused,0,4435
MAIF/melusine,in_place_apis_misused,0,4435
MAIF/melusine,columns_and_datatype_not_explicitly_set,9,4435
MAIF/melusine,tensor_array_not_used,0,4435
MAIF/melusine,dataframe_conversion_api_misused,0,4435
MAIF/melusine,unnecessary_iteration,0,4435
MAIF/melusine,Chain_Indexing,0,4435
gjy3035/C-3-Framework,gradients_not_cleared_before_backward_propagation,0,4303
gjy3035/C-3-Framework,pytorch_call_method_misused,0,4303
gjy3035/C-3-Framework,in_place_apis_misused,0,4303
gjy3035/C-3-Framework,columns_and_datatype_not_explicitly_set,7,4303
gjy3035/C-3-Framework,tensor_array_not_used,0,4303
gjy3035/C-3-Framework,dataframe_conversion_api_misused,0,4303
gjy3035/C-3-Framework,unnecessary_iteration,0,4303
gjy3035/C-3-Framework,Chain_Indexing,0,4303
frankkramer-lab/MIScnn,gradients_not_cleared_before_backward_propagation,0,4637
frankkramer-lab/MIScnn,pytorch_call_method_misused,0,4637
frankkramer-lab/MIScnn,in_place_apis_misused,2,4637
frankkramer-lab/MIScnn,columns_and_datatype_not_explicitly_set,1,4637
frankkramer-lab/MIScnn,tensor_array_not_used,0,4637
frankkramer-lab/MIScnn,dataframe_conversion_api_misused,0,4637
frankkramer-lab/MIScnn,unnecessary_iteration,0,4637
frankkramer-lab/MIScnn,Chain_Indexing,0,4637
molecularsets/moses,gradients_not_cleared_before_backward_propagation,0,4587
molecularsets/moses,pytorch_call_method_misused,1,4587
molecularsets/moses,in_place_apis_misused,1,4587
molecularsets/moses,columns_and_datatype_not_explicitly_set,9,4587
molecularsets/moses,tensor_array_not_used,0,4587
molecularsets/moses,dataframe_conversion_api_misused,0,4587
molecularsets/moses,unnecessary_iteration,0,4587
molecularsets/moses,Chain_Indexing,0,4587
wikipedia2vec/wikipedia2vec,gradients_not_cleared_before_backward_propagation,2,1570
wikipedia2vec/wikipedia2vec,pytorch_call_method_misused,0,1570
wikipedia2vec/wikipedia2vec,in_place_apis_misused,0,1570
wikipedia2vec/wikipedia2vec,columns_and_datatype_not_explicitly_set,0,1570
wikipedia2vec/wikipedia2vec,tensor_array_not_used,0,1570
wikipedia2vec/wikipedia2vec,dataframe_conversion_api_misused,0,1570
wikipedia2vec/wikipedia2vec,unnecessary_iteration,0,1570
wikipedia2vec/wikipedia2vec,Chain_Indexing,0,1570
AICoE/prometheus-anomaly-detector,gradients_not_cleared_before_backward_propagation,0,1441
AICoE/prometheus-anomaly-detector,pytorch_call_method_misused,0,1441
AICoE/prometheus-anomaly-detector,in_place_apis_misused,4,1441
AICoE/prometheus-anomaly-detector,columns_and_datatype_not_explicitly_set,2,1441
AICoE/prometheus-anomaly-detector,tensor_array_not_used,0,1441
AICoE/prometheus-anomaly-detector,dataframe_conversion_api_misused,0,1441
AICoE/prometheus-anomaly-detector,unnecessary_iteration,0,1441
AICoE/prometheus-anomaly-detector,Chain_Indexing,0,1441
explosion/prodigy-recipes,gradients_not_cleared_before_backward_propagation,0,2472
explosion/prodigy-recipes,pytorch_call_method_misused,0,2472
explosion/prodigy-recipes,in_place_apis_misused,0,2472
explosion/prodigy-recipes,columns_and_datatype_not_explicitly_set,1,2472
explosion/prodigy-recipes,tensor_array_not_used,0,2472
explosion/prodigy-recipes,dataframe_conversion_api_misused,0,2472
explosion/prodigy-recipes,unnecessary_iteration,0,2472
explosion/prodigy-recipes,Chain_Indexing,0,2472
thunlp/OpenNRE,gradients_not_cleared_before_backward_propagation,6,2181
thunlp/OpenNRE,pytorch_call_method_misused,3,2181
thunlp/OpenNRE,in_place_apis_misused,0,2181
thunlp/OpenNRE,columns_and_datatype_not_explicitly_set,0,2181
thunlp/OpenNRE,tensor_array_not_used,0,2181
thunlp/OpenNRE,dataframe_conversion_api_misused,0,2181
thunlp/OpenNRE,unnecessary_iteration,0,2181
thunlp/OpenNRE,Chain_Indexing,0,2181
keunwoochoi/kapre,gradients_not_cleared_before_backward_propagation,0,1621
keunwoochoi/kapre,pytorch_call_method_misused,0,1621
keunwoochoi/kapre,in_place_apis_misused,0,1621
keunwoochoi/kapre,columns_and_datatype_not_explicitly_set,0,1621
keunwoochoi/kapre,tensor_array_not_used,2,1621
keunwoochoi/kapre,dataframe_conversion_api_misused,0,1621
keunwoochoi/kapre,unnecessary_iteration,0,1621
keunwoochoi/kapre,Chain_Indexing,0,1621
Ha0Tang/AttentionGAN,gradients_not_cleared_before_backward_propagation,2,3360
Ha0Tang/AttentionGAN,pytorch_call_method_misused,4,3360
Ha0Tang/AttentionGAN,in_place_apis_misused,0,3360
Ha0Tang/AttentionGAN,columns_and_datatype_not_explicitly_set,0,3360
Ha0Tang/AttentionGAN,tensor_array_not_used,0,3360
Ha0Tang/AttentionGAN,dataframe_conversion_api_misused,0,3360
Ha0Tang/AttentionGAN,unnecessary_iteration,0,3360
Ha0Tang/AttentionGAN,Chain_Indexing,0,3360
arogozhnikov/hep_ml,gradients_not_cleared_before_backward_propagation,0,3507
arogozhnikov/hep_ml,pytorch_call_method_misused,0,3507
arogozhnikov/hep_ml,in_place_apis_misused,2,3507
arogozhnikov/hep_ml,columns_and_datatype_not_explicitly_set,6,3507
arogozhnikov/hep_ml,tensor_array_not_used,0,3507
arogozhnikov/hep_ml,dataframe_conversion_api_misused,0,3507
arogozhnikov/hep_ml,unnecessary_iteration,0,3507
arogozhnikov/hep_ml,Chain_Indexing,0,3507
pytorch/examples,gradients_not_cleared_before_backward_propagation,7,3609
pytorch/examples,pytorch_call_method_misused,4,3609
pytorch/examples,in_place_apis_misused,0,3609
pytorch/examples,columns_and_datatype_not_explicitly_set,0,3609
pytorch/examples,tensor_array_not_used,0,3609
pytorch/examples,dataframe_conversion_api_misused,0,3609
pytorch/examples,unnecessary_iteration,0,3609
pytorch/examples,Chain_Indexing,0,3609
aiqm/torchani,gradients_not_cleared_before_backward_propagation,2,4738
aiqm/torchani,pytorch_call_method_misused,0,4738
aiqm/torchani,in_place_apis_misused,0,4738
aiqm/torchani,columns_and_datatype_not_explicitly_set,0,4738
aiqm/torchani,tensor_array_not_used,0,4738
aiqm/torchani,dataframe_conversion_api_misused,0,4738
aiqm/torchani,unnecessary_iteration,0,4738
aiqm/torchani,Chain_Indexing,0,4738
kdexd/virtex,gradients_not_cleared_before_backward_propagation,0,3753
kdexd/virtex,pytorch_call_method_misused,4,3753
kdexd/virtex,in_place_apis_misused,0,3753
kdexd/virtex,columns_and_datatype_not_explicitly_set,0,3753
kdexd/virtex,tensor_array_not_used,0,3753
kdexd/virtex,dataframe_conversion_api_misused,0,3753
kdexd/virtex,unnecessary_iteration,0,3753
kdexd/virtex,Chain_Indexing,0,3753
jantic/DeOldify,gradients_not_cleared_before_backward_propagation,1,3191
jantic/DeOldify,pytorch_call_method_misused,0,3191
jantic/DeOldify,in_place_apis_misused,1,3191
jantic/DeOldify,columns_and_datatype_not_explicitly_set,2,3191
jantic/DeOldify,tensor_array_not_used,0,3191
jantic/DeOldify,dataframe_conversion_api_misused,0,3191
jantic/DeOldify,unnecessary_iteration,0,3191
jantic/DeOldify,Chain_Indexing,0,3191
asappresearch/sru,gradients_not_cleared_before_backward_propagation,3,3357
asappresearch/sru,pytorch_call_method_misused,0,3357
asappresearch/sru,in_place_apis_misused,0,3357
asappresearch/sru,columns_and_datatype_not_explicitly_set,2,3357
asappresearch/sru,tensor_array_not_used,0,3357
asappresearch/sru,dataframe_conversion_api_misused,0,3357
asappresearch/sru,unnecessary_iteration,0,3357
asappresearch/sru,Chain_Indexing,0,3357
Sujit-O/pykg2vec,gradients_not_cleared_before_backward_propagation,0,4522
Sujit-O/pykg2vec,pytorch_call_method_misused,13,4522
Sujit-O/pykg2vec,in_place_apis_misused,12,4522
Sujit-O/pykg2vec,columns_and_datatype_not_explicitly_set,11,4522
Sujit-O/pykg2vec,tensor_array_not_used,0,4522
Sujit-O/pykg2vec,dataframe_conversion_api_misused,0,4522
Sujit-O/pykg2vec,unnecessary_iteration,0,4522
Sujit-O/pykg2vec,Chain_Indexing,0,4522
hunglc007/tensorflow-yolov4-tflite,gradients_not_cleared_before_backward_propagation,0,2670
hunglc007/tensorflow-yolov4-tflite,pytorch_call_method_misused,0,2670
hunglc007/tensorflow-yolov4-tflite,in_place_apis_misused,0,2670
hunglc007/tensorflow-yolov4-tflite,columns_and_datatype_not_explicitly_set,0,2670
hunglc007/tensorflow-yolov4-tflite,tensor_array_not_used,6,2670
hunglc007/tensorflow-yolov4-tflite,dataframe_conversion_api_misused,0,2670
hunglc007/tensorflow-yolov4-tflite,unnecessary_iteration,0,2670
hunglc007/tensorflow-yolov4-tflite,Chain_Indexing,0,2670
r9y9/nnsvs,gradients_not_cleared_before_backward_propagation,0,2737
r9y9/nnsvs,pytorch_call_method_misused,5,2737
r9y9/nnsvs,in_place_apis_misused,0,2737
r9y9/nnsvs,columns_and_datatype_not_explicitly_set,1,2737
r9y9/nnsvs,tensor_array_not_used,0,2737
r9y9/nnsvs,dataframe_conversion_api_misused,0,2737
r9y9/nnsvs,unnecessary_iteration,0,2737
r9y9/nnsvs,Chain_Indexing,0,2737
ZQPei/deep_sort_pytorch,gradients_not_cleared_before_backward_propagation,4,3379
ZQPei/deep_sort_pytorch,pytorch_call_method_misused,2,3379
ZQPei/deep_sort_pytorch,in_place_apis_misused,1,3379
ZQPei/deep_sort_pytorch,columns_and_datatype_not_explicitly_set,7,3379
ZQPei/deep_sort_pytorch,tensor_array_not_used,3,3379
ZQPei/deep_sort_pytorch,dataframe_conversion_api_misused,5,3379
ZQPei/deep_sort_pytorch,unnecessary_iteration,0,3379
ZQPei/deep_sort_pytorch,Chain_Indexing,0,3379
NVIDIA/TRTorch,gradients_not_cleared_before_backward_propagation,0,1687
NVIDIA/TRTorch,pytorch_call_method_misused,1,1687
NVIDIA/TRTorch,in_place_apis_misused,1,1687
NVIDIA/TRTorch,columns_and_datatype_not_explicitly_set,3,1687
NVIDIA/TRTorch,tensor_array_not_used,0,1687
NVIDIA/TRTorch,dataframe_conversion_api_misused,0,1687
NVIDIA/TRTorch,unnecessary_iteration,0,1687
NVIDIA/TRTorch,Chain_Indexing,0,1687
joeynmt/joeynmt,gradients_not_cleared_before_backward_propagation,0,4470
joeynmt/joeynmt,pytorch_call_method_misused,0,4470
joeynmt/joeynmt,in_place_apis_misused,1,4470
joeynmt/joeynmt,columns_and_datatype_not_explicitly_set,1,4470
joeynmt/joeynmt,tensor_array_not_used,0,4470
joeynmt/joeynmt,dataframe_conversion_api_misused,0,4470
joeynmt/joeynmt,unnecessary_iteration,0,4470
joeynmt/joeynmt,Chain_Indexing,0,4470
geyang/ml_logger,gradients_not_cleared_before_backward_propagation,0,4072
geyang/ml_logger,pytorch_call_method_misused,0,4072
geyang/ml_logger,in_place_apis_misused,1,4072
geyang/ml_logger,columns_and_datatype_not_explicitly_set,8,4072
geyang/ml_logger,tensor_array_not_used,0,4072
geyang/ml_logger,dataframe_conversion_api_misused,0,4072
geyang/ml_logger,unnecessary_iteration,0,4072
geyang/ml_logger,Chain_Indexing,0,4072
RexYing/gnn-model-explainer,gradients_not_cleared_before_backward_propagation,0,3968
RexYing/gnn-model-explainer,pytorch_call_method_misused,0,3968
RexYing/gnn-model-explainer,in_place_apis_misused,0,3968
RexYing/gnn-model-explainer,columns_and_datatype_not_explicitly_set,4,3968
RexYing/gnn-model-explainer,tensor_array_not_used,0,3968
RexYing/gnn-model-explainer,dataframe_conversion_api_misused,3,3968
RexYing/gnn-model-explainer,unnecessary_iteration,0,3968
RexYing/gnn-model-explainer,Chain_Indexing,0,3968
philipperemy/deep-speaker,gradients_not_cleared_before_backward_propagation,0,1158
philipperemy/deep-speaker,pytorch_call_method_misused,0,1158
philipperemy/deep-speaker,in_place_apis_misused,1,1158
philipperemy/deep-speaker,columns_and_datatype_not_explicitly_set,0,1158
philipperemy/deep-speaker,tensor_array_not_used,0,1158
philipperemy/deep-speaker,dataframe_conversion_api_misused,0,1158
philipperemy/deep-speaker,unnecessary_iteration,0,1158
philipperemy/deep-speaker,Chain_Indexing,0,1158
MrGiovanni/ModelsGenesis,gradients_not_cleared_before_backward_propagation,0,1127
MrGiovanni/ModelsGenesis,pytorch_call_method_misused,0,1127
MrGiovanni/ModelsGenesis,in_place_apis_misused,0,1127
MrGiovanni/ModelsGenesis,columns_and_datatype_not_explicitly_set,1,1127
MrGiovanni/ModelsGenesis,tensor_array_not_used,0,1127
MrGiovanni/ModelsGenesis,dataframe_conversion_api_misused,0,1127
MrGiovanni/ModelsGenesis,unnecessary_iteration,0,1127
MrGiovanni/ModelsGenesis,Chain_Indexing,0,1127
BrikerMan/Kashgari,gradients_not_cleared_before_backward_propagation,0,4420
BrikerMan/Kashgari,pytorch_call_method_misused,0,4420
BrikerMan/Kashgari,in_place_apis_misused,0,4420
BrikerMan/Kashgari,columns_and_datatype_not_explicitly_set,4,4420
BrikerMan/Kashgari,tensor_array_not_used,0,4420
BrikerMan/Kashgari,dataframe_conversion_api_misused,0,4420
BrikerMan/Kashgari,unnecessary_iteration,0,4420
BrikerMan/Kashgari,Chain_Indexing,0,4420
lukemelas/EfficientNet-PyTorch,gradients_not_cleared_before_backward_propagation,0,2682
lukemelas/EfficientNet-PyTorch,pytorch_call_method_misused,0,2682
lukemelas/EfficientNet-PyTorch,in_place_apis_misused,0,2682
lukemelas/EfficientNet-PyTorch,columns_and_datatype_not_explicitly_set,0,2682
lukemelas/EfficientNet-PyTorch,tensor_array_not_used,1,2682
lukemelas/EfficientNet-PyTorch,dataframe_conversion_api_misused,0,2682
lukemelas/EfficientNet-PyTorch,unnecessary_iteration,0,2682
lukemelas/EfficientNet-PyTorch,Chain_Indexing,0,2682
beringresearch/ivis,gradients_not_cleared_before_backward_propagation,0,1694
beringresearch/ivis,pytorch_call_method_misused,0,1694
beringresearch/ivis,in_place_apis_misused,0,1694
beringresearch/ivis,columns_and_datatype_not_explicitly_set,1,1694
beringresearch/ivis,tensor_array_not_used,0,1694
beringresearch/ivis,dataframe_conversion_api_misused,1,1694
beringresearch/ivis,unnecessary_iteration,0,1694
beringresearch/ivis,Chain_Indexing,0,1694
nyanp/nyaggle,gradients_not_cleared_before_backward_propagation,0,3871
nyanp/nyaggle,pytorch_call_method_misused,0,3871
nyanp/nyaggle,in_place_apis_misused,1,3871
nyanp/nyaggle,columns_and_datatype_not_explicitly_set,5,3871
nyanp/nyaggle,tensor_array_not_used,0,3871
nyanp/nyaggle,dataframe_conversion_api_misused,1,3871
nyanp/nyaggle,unnecessary_iteration,0,3871
nyanp/nyaggle,Chain_Indexing,0,3871
philipperemy/keras-tcn,gradients_not_cleared_before_backward_propagation,0,1007
philipperemy/keras-tcn,pytorch_call_method_misused,0,1007
philipperemy/keras-tcn,in_place_apis_misused,0,1007
philipperemy/keras-tcn,columns_and_datatype_not_explicitly_set,1,1007
philipperemy/keras-tcn,tensor_array_not_used,0,1007
philipperemy/keras-tcn,dataframe_conversion_api_misused,0,1007
philipperemy/keras-tcn,unnecessary_iteration,0,1007
philipperemy/keras-tcn,Chain_Indexing,0,1007
Ha0Tang/GestureGAN,gradients_not_cleared_before_backward_propagation,0,1618
Ha0Tang/GestureGAN,pytorch_call_method_misused,3,1618
Ha0Tang/GestureGAN,in_place_apis_misused,0,1618
Ha0Tang/GestureGAN,columns_and_datatype_not_explicitly_set,0,1618
Ha0Tang/GestureGAN,tensor_array_not_used,0,1618
Ha0Tang/GestureGAN,dataframe_conversion_api_misused,0,1618
Ha0Tang/GestureGAN,unnecessary_iteration,0,1618
Ha0Tang/GestureGAN,Chain_Indexing,0,1618
vespa-engine/sample-apps,gradients_not_cleared_before_backward_propagation,0,3673
vespa-engine/sample-apps,pytorch_call_method_misused,0,3673
vespa-engine/sample-apps,in_place_apis_misused,2,3673
vespa-engine/sample-apps,columns_and_datatype_not_explicitly_set,1,3673
vespa-engine/sample-apps,tensor_array_not_used,0,3673
vespa-engine/sample-apps,dataframe_conversion_api_misused,0,3673
vespa-engine/sample-apps,unnecessary_iteration,0,3673
vespa-engine/sample-apps,Chain_Indexing,0,3673
mdeff/fma,gradients_not_cleared_before_backward_propagation,0,1451
mdeff/fma,pytorch_call_method_misused,0,1451
mdeff/fma,in_place_apis_misused,1,1451
mdeff/fma,columns_and_datatype_not_explicitly_set,8,1451
mdeff/fma,tensor_array_not_used,0,1451
mdeff/fma,dataframe_conversion_api_misused,0,1451
mdeff/fma,unnecessary_iteration,0,1451
mdeff/fma,Chain_Indexing,0,1451
stephenhky/PyShortTextCategorization,gradients_not_cleared_before_backward_propagation,0,2880
stephenhky/PyShortTextCategorization,pytorch_call_method_misused,0,2880
stephenhky/PyShortTextCategorization,in_place_apis_misused,0,2880
stephenhky/PyShortTextCategorization,columns_and_datatype_not_explicitly_set,2,2880
stephenhky/PyShortTextCategorization,tensor_array_not_used,0,2880
stephenhky/PyShortTextCategorization,dataframe_conversion_api_misused,0,2880
stephenhky/PyShortTextCategorization,unnecessary_iteration,0,2880
stephenhky/PyShortTextCategorization,Chain_Indexing,0,2880
MisaOgura/flashtorch,gradients_not_cleared_before_backward_propagation,1,1210
MisaOgura/flashtorch,pytorch_call_method_misused,0,1210
MisaOgura/flashtorch,in_place_apis_misused,0,1210
MisaOgura/flashtorch,columns_and_datatype_not_explicitly_set,0,1210
MisaOgura/flashtorch,tensor_array_not_used,0,1210
MisaOgura/flashtorch,dataframe_conversion_api_misused,0,1210
MisaOgura/flashtorch,unnecessary_iteration,0,1210
MisaOgura/flashtorch,Chain_Indexing,0,1210
ria-com/nomeroff-net,gradients_not_cleared_before_backward_propagation,0,4626
ria-com/nomeroff-net,pytorch_call_method_misused,7,4626
ria-com/nomeroff-net,in_place_apis_misused,0,4626
ria-com/nomeroff-net,columns_and_datatype_not_explicitly_set,2,4626
ria-com/nomeroff-net,tensor_array_not_used,0,4626
ria-com/nomeroff-net,dataframe_conversion_api_misused,0,4626
ria-com/nomeroff-net,unnecessary_iteration,0,4626
ria-com/nomeroff-net,Chain_Indexing,0,4626
jeongyoonlee/Kaggler,gradients_not_cleared_before_backward_propagation,0,1659
jeongyoonlee/Kaggler,pytorch_call_method_misused,0,1659
jeongyoonlee/Kaggler,in_place_apis_misused,0,1659
jeongyoonlee/Kaggler,columns_and_datatype_not_explicitly_set,6,1659
jeongyoonlee/Kaggler,tensor_array_not_used,0,1659
jeongyoonlee/Kaggler,dataframe_conversion_api_misused,0,1659
jeongyoonlee/Kaggler,unnecessary_iteration,0,1659
jeongyoonlee/Kaggler,Chain_Indexing,0,1659
swechhachoudhary/Handwriting-synthesis,gradients_not_cleared_before_backward_propagation,0,1613
swechhachoudhary/Handwriting-synthesis,pytorch_call_method_misused,4,1613
swechhachoudhary/Handwriting-synthesis,in_place_apis_misused,0,1613
swechhachoudhary/Handwriting-synthesis,columns_and_datatype_not_explicitly_set,0,1613
swechhachoudhary/Handwriting-synthesis,tensor_array_not_used,0,1613
swechhachoudhary/Handwriting-synthesis,dataframe_conversion_api_misused,0,1613
swechhachoudhary/Handwriting-synthesis,unnecessary_iteration,0,1613
swechhachoudhary/Handwriting-synthesis,Chain_Indexing,0,1613
ultralytics/yolov5,gradients_not_cleared_before_backward_propagation,7,3842
ultralytics/yolov5,pytorch_call_method_misused,5,3842
ultralytics/yolov5,in_place_apis_misused,0,3842
ultralytics/yolov5,columns_and_datatype_not_explicitly_set,9,3842
ultralytics/yolov5,tensor_array_not_used,4,3842
ultralytics/yolov5,dataframe_conversion_api_misused,11,3842
ultralytics/yolov5,unnecessary_iteration,0,3842
ultralytics/yolov5,Chain_Indexing,0,3842
serengil/deepface,gradients_not_cleared_before_backward_propagation,0,2724
serengil/deepface,pytorch_call_method_misused,0,2724
serengil/deepface,in_place_apis_misused,0,2724
serengil/deepface,columns_and_datatype_not_explicitly_set,2,2724
serengil/deepface,tensor_array_not_used,0,2724
serengil/deepface,dataframe_conversion_api_misused,0,2724
serengil/deepface,unnecessary_iteration,1,2724
serengil/deepface,Chain_Indexing,0,2724
feedly/transfer-nlp,gradients_not_cleared_before_backward_propagation,0,3827
feedly/transfer-nlp,pytorch_call_method_misused,1,3827
feedly/transfer-nlp,in_place_apis_misused,3,3827
feedly/transfer-nlp,columns_and_datatype_not_explicitly_set,27,3827
feedly/transfer-nlp,tensor_array_not_used,0,3827
feedly/transfer-nlp,dataframe_conversion_api_misused,1,3827
feedly/transfer-nlp,unnecessary_iteration,0,3827
feedly/transfer-nlp,Chain_Indexing,1,3827
malllabiisc/RESIDE,gradients_not_cleared_before_backward_propagation,0,2484
malllabiisc/RESIDE,pytorch_call_method_misused,0,2484
malllabiisc/RESIDE,in_place_apis_misused,0,2484
malllabiisc/RESIDE,columns_and_datatype_not_explicitly_set,0,2484
malllabiisc/RESIDE,tensor_array_not_used,2,2484
malllabiisc/RESIDE,dataframe_conversion_api_misused,0,2484
malllabiisc/RESIDE,unnecessary_iteration,0,2484
malllabiisc/RESIDE,Chain_Indexing,0,2484
Tianxiaomo/pytorch-YOLOv4,gradients_not_cleared_before_backward_propagation,2,4647
Tianxiaomo/pytorch-YOLOv4,pytorch_call_method_misused,0,4647
Tianxiaomo/pytorch-YOLOv4,in_place_apis_misused,0,4647
Tianxiaomo/pytorch-YOLOv4,columns_and_datatype_not_explicitly_set,0,4647
Tianxiaomo/pytorch-YOLOv4,tensor_array_not_used,0,4647
Tianxiaomo/pytorch-YOLOv4,dataframe_conversion_api_misused,0,4647
Tianxiaomo/pytorch-YOLOv4,unnecessary_iteration,0,4647
Tianxiaomo/pytorch-YOLOv4,Chain_Indexing,0,4647
knazeri/edge-connect,gradients_not_cleared_before_backward_propagation,10,1489
knazeri/edge-connect,pytorch_call_method_misused,0,1489
knazeri/edge-connect,in_place_apis_misused,0,1489
knazeri/edge-connect,columns_and_datatype_not_explicitly_set,0,1489
knazeri/edge-connect,tensor_array_not_used,0,1489
knazeri/edge-connect,dataframe_conversion_api_misused,0,1489
knazeri/edge-connect,unnecessary_iteration,0,1489
knazeri/edge-connect,Chain_Indexing,0,1489
deezer/spleeter,gradients_not_cleared_before_backward_propagation,0,2404
deezer/spleeter,pytorch_call_method_misused,0,2404
deezer/spleeter,in_place_apis_misused,2,2404
deezer/spleeter,columns_and_datatype_not_explicitly_set,2,2404
deezer/spleeter,tensor_array_not_used,0,2404
deezer/spleeter,dataframe_conversion_api_misused,0,2404
deezer/spleeter,unnecessary_iteration,0,2404
deezer/spleeter,Chain_Indexing,0,2404
biolib/openprotein,gradients_not_cleared_before_backward_propagation,1,2241
biolib/openprotein,pytorch_call_method_misused,0,2241
biolib/openprotein,in_place_apis_misused,0,2241
biolib/openprotein,columns_and_datatype_not_explicitly_set,0,2241
biolib/openprotein,tensor_array_not_used,0,2241
biolib/openprotein,dataframe_conversion_api_misused,0,2241
biolib/openprotein,unnecessary_iteration,0,2241
biolib/openprotein,Chain_Indexing,0,2241
graknlabs/kglib,gradients_not_cleared_before_backward_propagation,0,2314
graknlabs/kglib,pytorch_call_method_misused,0,2314
graknlabs/kglib,in_place_apis_misused,0,2314
graknlabs/kglib,columns_and_datatype_not_explicitly_set,1,2314
graknlabs/kglib,tensor_array_not_used,0,2314
graknlabs/kglib,dataframe_conversion_api_misused,0,2314
graknlabs/kglib,unnecessary_iteration,0,2314
graknlabs/kglib,Chain_Indexing,0,2314
alvinwan/neural-backed-decision-trees,gradients_not_cleared_before_backward_propagation,0,3383
alvinwan/neural-backed-decision-trees,pytorch_call_method_misused,2,3383
alvinwan/neural-backed-decision-trees,in_place_apis_misused,0,3383
alvinwan/neural-backed-decision-trees,columns_and_datatype_not_explicitly_set,0,3383
alvinwan/neural-backed-decision-trees,tensor_array_not_used,0,3383
alvinwan/neural-backed-decision-trees,dataframe_conversion_api_misused,0,3383
alvinwan/neural-backed-decision-trees,unnecessary_iteration,0,3383
alvinwan/neural-backed-decision-trees,Chain_Indexing,0,3383
mlmed/torchxrayvision,gradients_not_cleared_before_backward_propagation,0,4530
mlmed/torchxrayvision,pytorch_call_method_misused,0,4530
mlmed/torchxrayvision,in_place_apis_misused,3,4530
mlmed/torchxrayvision,columns_and_datatype_not_explicitly_set,19,4530
mlmed/torchxrayvision,tensor_array_not_used,0,4530
mlmed/torchxrayvision,dataframe_conversion_api_misused,0,4530
mlmed/torchxrayvision,unnecessary_iteration,0,4530
mlmed/torchxrayvision,Chain_Indexing,0,4530
tensorflow/tcav,gradients_not_cleared_before_backward_propagation,0,2479
tensorflow/tcav,pytorch_call_method_misused,0,2479
tensorflow/tcav,in_place_apis_misused,0,2479
tensorflow/tcav,columns_and_datatype_not_explicitly_set,2,2479
tensorflow/tcav,tensor_array_not_used,0,2479
tensorflow/tcav,dataframe_conversion_api_misused,0,2479
tensorflow/tcav,unnecessary_iteration,0,2479
tensorflow/tcav,Chain_Indexing,0,2479
ultralytics/yolov3,gradients_not_cleared_before_backward_propagation,7,3830
ultralytics/yolov3,pytorch_call_method_misused,5,3830
ultralytics/yolov3,in_place_apis_misused,0,3830
ultralytics/yolov3,columns_and_datatype_not_explicitly_set,9,3830
ultralytics/yolov3,tensor_array_not_used,4,3830
ultralytics/yolov3,dataframe_conversion_api_misused,11,3830
ultralytics/yolov3,unnecessary_iteration,0,3830
ultralytics/yolov3,Chain_Indexing,0,3830
interpretml/DiCE,gradients_not_cleared_before_backward_propagation,0,3133
interpretml/DiCE,pytorch_call_method_misused,0,3133
interpretml/DiCE,in_place_apis_misused,1,3133
interpretml/DiCE,columns_and_datatype_not_explicitly_set,33,3133
interpretml/DiCE,tensor_array_not_used,1,3133
interpretml/DiCE,dataframe_conversion_api_misused,0,3133
interpretml/DiCE,unnecessary_iteration,0,3133
interpretml/DiCE,Chain_Indexing,0,3133
natethegreate/hent-AI,gradients_not_cleared_before_backward_propagation,0,4687
natethegreate/hent-AI,pytorch_call_method_misused,0,4687
natethegreate/hent-AI,in_place_apis_misused,0,4687
natethegreate/hent-AI,columns_and_datatype_not_explicitly_set,0,4687
natethegreate/hent-AI,tensor_array_not_used,3,4687
natethegreate/hent-AI,dataframe_conversion_api_misused,0,4687
natethegreate/hent-AI,unnecessary_iteration,0,4687
natethegreate/hent-AI,Chain_Indexing,0,4687
AFAgarap/cnn-svm,gradients_not_cleared_before_backward_propagation,0,557
AFAgarap/cnn-svm,pytorch_call_method_misused,1,557
AFAgarap/cnn-svm,in_place_apis_misused,0,557
AFAgarap/cnn-svm,columns_and_datatype_not_explicitly_set,0,557
AFAgarap/cnn-svm,tensor_array_not_used,0,557
AFAgarap/cnn-svm,dataframe_conversion_api_misused,0,557
AFAgarap/cnn-svm,unnecessary_iteration,0,557
AFAgarap/cnn-svm,Chain_Indexing,0,557
tlatkowski/multihead-siamese-nets,gradients_not_cleared_before_backward_propagation,0,3221
tlatkowski/multihead-siamese-nets,pytorch_call_method_misused,0,3221
tlatkowski/multihead-siamese-nets,in_place_apis_misused,0,3221
tlatkowski/multihead-siamese-nets,columns_and_datatype_not_explicitly_set,3,3221
tlatkowski/multihead-siamese-nets,tensor_array_not_used,0,3221
tlatkowski/multihead-siamese-nets,dataframe_conversion_api_misused,0,3221
tlatkowski/multihead-siamese-nets,unnecessary_iteration,0,3221
tlatkowski/multihead-siamese-nets,Chain_Indexing,0,3221
richzhang/colorization-pytorch,gradients_not_cleared_before_backward_propagation,0,1901
richzhang/colorization-pytorch,pytorch_call_method_misused,2,1901
richzhang/colorization-pytorch,in_place_apis_misused,0,1901
richzhang/colorization-pytorch,columns_and_datatype_not_explicitly_set,0,1901
richzhang/colorization-pytorch,tensor_array_not_used,0,1901
richzhang/colorization-pytorch,dataframe_conversion_api_misused,0,1901
richzhang/colorization-pytorch,unnecessary_iteration,0,1901
richzhang/colorization-pytorch,Chain_Indexing,0,1901
timesler/facenet-pytorch,gradients_not_cleared_before_backward_propagation,1,2029
timesler/facenet-pytorch,pytorch_call_method_misused,0,2029
timesler/facenet-pytorch,in_place_apis_misused,0,2029
timesler/facenet-pytorch,columns_and_datatype_not_explicitly_set,0,2029
timesler/facenet-pytorch,tensor_array_not_used,0,2029
timesler/facenet-pytorch,dataframe_conversion_api_misused,0,2029
timesler/facenet-pytorch,unnecessary_iteration,0,2029
timesler/facenet-pytorch,Chain_Indexing,0,2029
adobe/antialiased-cnns,gradients_not_cleared_before_backward_propagation,1,1785
adobe/antialiased-cnns,pytorch_call_method_misused,0,1785
adobe/antialiased-cnns,in_place_apis_misused,0,1785
adobe/antialiased-cnns,columns_and_datatype_not_explicitly_set,0,1785
adobe/antialiased-cnns,tensor_array_not_used,0,1785
adobe/antialiased-cnns,dataframe_conversion_api_misused,0,1785
adobe/antialiased-cnns,unnecessary_iteration,0,1785
adobe/antialiased-cnns,Chain_Indexing,0,1785
junyanz/pytorch-CycleGAN-and-pix2pix,gradients_not_cleared_before_backward_propagation,0,2253
junyanz/pytorch-CycleGAN-and-pix2pix,pytorch_call_method_misused,4,2253
junyanz/pytorch-CycleGAN-and-pix2pix,in_place_apis_misused,0,2253
junyanz/pytorch-CycleGAN-and-pix2pix,columns_and_datatype_not_explicitly_set,0,2253
junyanz/pytorch-CycleGAN-and-pix2pix,tensor_array_not_used,0,2253
junyanz/pytorch-CycleGAN-and-pix2pix,dataframe_conversion_api_misused,0,2253
junyanz/pytorch-CycleGAN-and-pix2pix,unnecessary_iteration,0,2253
junyanz/pytorch-CycleGAN-and-pix2pix,Chain_Indexing,0,2253
tensorflow/fairness-indicators,gradients_not_cleared_before_backward_propagation,0,2818
tensorflow/fairness-indicators,pytorch_call_method_misused,0,2818
tensorflow/fairness-indicators,in_place_apis_misused,0,2818
tensorflow/fairness-indicators,columns_and_datatype_not_explicitly_set,4,2818
tensorflow/fairness-indicators,tensor_array_not_used,0,2818
tensorflow/fairness-indicators,dataframe_conversion_api_misused,0,2818
tensorflow/fairness-indicators,unnecessary_iteration,0,2818
tensorflow/fairness-indicators,Chain_Indexing,0,2818
AaronWard/covidify,gradients_not_cleared_before_backward_propagation,0,1666
AaronWard/covidify,pytorch_call_method_misused,0,1666
AaronWard/covidify,in_place_apis_misused,0,1666
AaronWard/covidify,columns_and_datatype_not_explicitly_set,0,1666
AaronWard/covidify,tensor_array_not_used,0,1666
AaronWard/covidify,dataframe_conversion_api_misused,0,1666
AaronWard/covidify,unnecessary_iteration,0,1666
AaronWard/covidify,Chain_Indexing,0,1666
alfredfrancis/ai-chatbot-framework,gradients_not_cleared_before_backward_propagation,0,1516
alfredfrancis/ai-chatbot-framework,pytorch_call_method_misused,0,1516
alfredfrancis/ai-chatbot-framework,in_place_apis_misused,0,1516
alfredfrancis/ai-chatbot-framework,columns_and_datatype_not_explicitly_set,0,1516
alfredfrancis/ai-chatbot-framework,tensor_array_not_used,0,1516
alfredfrancis/ai-chatbot-framework,dataframe_conversion_api_misused,0,1516
alfredfrancis/ai-chatbot-framework,unnecessary_iteration,0,1516
alfredfrancis/ai-chatbot-framework,Chain_Indexing,0,1516
allenai/scibert,gradients_not_cleared_before_backward_propagation,0,1237
allenai/scibert,pytorch_call_method_misused,0,1237
allenai/scibert,in_place_apis_misused,0,1237
allenai/scibert,columns_and_datatype_not_explicitly_set,0,1237
allenai/scibert,tensor_array_not_used,0,1237
allenai/scibert,dataframe_conversion_api_misused,0,1237
allenai/scibert,unnecessary_iteration,0,1237
allenai/scibert,Chain_Indexing,0,1237
anicolson/DeepXi,gradients_not_cleared_before_backward_propagation,0,2301
anicolson/DeepXi,pytorch_call_method_misused,0,2301
anicolson/DeepXi,in_place_apis_misused,0,2301
anicolson/DeepXi,columns_and_datatype_not_explicitly_set,0,2301
anicolson/DeepXi,tensor_array_not_used,0,2301
anicolson/DeepXi,dataframe_conversion_api_misused,0,2301
anicolson/DeepXi,unnecessary_iteration,0,2301
anicolson/DeepXi,Chain_Indexing,0,2301
apachecn/pytorch-doc-zh,gradients_not_cleared_before_backward_propagation,0,41
apachecn/pytorch-doc-zh,pytorch_call_method_misused,0,41
apachecn/pytorch-doc-zh,in_place_apis_misused,0,41
apachecn/pytorch-doc-zh,columns_and_datatype_not_explicitly_set,0,41
apachecn/pytorch-doc-zh,tensor_array_not_used,0,41
apachecn/pytorch-doc-zh,dataframe_conversion_api_misused,0,41
apachecn/pytorch-doc-zh,unnecessary_iteration,0,41
apachecn/pytorch-doc-zh,Chain_Indexing,0,41
arogozhnikov/einops,gradients_not_cleared_before_backward_propagation,0,3449
arogozhnikov/einops,pytorch_call_method_misused,0,3449
arogozhnikov/einops,in_place_apis_misused,0,3449
arogozhnikov/einops,columns_and_datatype_not_explicitly_set,0,3449
arogozhnikov/einops,tensor_array_not_used,0,3449
arogozhnikov/einops,dataframe_conversion_api_misused,0,3449
arogozhnikov/einops,unnecessary_iteration,0,3449
arogozhnikov/einops,Chain_Indexing,0,3449
as-ideas/TransformerTTS,gradients_not_cleared_before_backward_propagation,0,4195
as-ideas/TransformerTTS,pytorch_call_method_misused,0,4195
as-ideas/TransformerTTS,in_place_apis_misused,0,4195
as-ideas/TransformerTTS,columns_and_datatype_not_explicitly_set,0,4195
as-ideas/TransformerTTS,tensor_array_not_used,0,4195
as-ideas/TransformerTTS,dataframe_conversion_api_misused,0,4195
as-ideas/TransformerTTS,unnecessary_iteration,0,4195
as-ideas/TransformerTTS,Chain_Indexing,0,4195
baldassarreFe/deep-koalarization,gradients_not_cleared_before_backward_propagation,0,2616
baldassarreFe/deep-koalarization,pytorch_call_method_misused,0,2616
baldassarreFe/deep-koalarization,in_place_apis_misused,0,2616
baldassarreFe/deep-koalarization,columns_and_datatype_not_explicitly_set,0,2616
baldassarreFe/deep-koalarization,tensor_array_not_used,0,2616
baldassarreFe/deep-koalarization,dataframe_conversion_api_misused,0,2616
baldassarreFe/deep-koalarization,unnecessary_iteration,0,2616
baldassarreFe/deep-koalarization,Chain_Indexing,0,2616
batra-mlp-lab/visdial-challenge-starter-pytorch,gradients_not_cleared_before_backward_propagation,0,1510
batra-mlp-lab/visdial-challenge-starter-pytorch,pytorch_call_method_misused,0,1510
batra-mlp-lab/visdial-challenge-starter-pytorch,in_place_apis_misused,0,1510
batra-mlp-lab/visdial-challenge-starter-pytorch,columns_and_datatype_not_explicitly_set,0,1510
batra-mlp-lab/visdial-challenge-starter-pytorch,tensor_array_not_used,0,1510
batra-mlp-lab/visdial-challenge-starter-pytorch,dataframe_conversion_api_misused,0,1510
batra-mlp-lab/visdial-challenge-starter-pytorch,unnecessary_iteration,0,1510
batra-mlp-lab/visdial-challenge-starter-pytorch,Chain_Indexing,0,1510
Belval/TextRecognitionDataGenerator,gradients_not_cleared_before_backward_propagation,0,2922
Belval/TextRecognitionDataGenerator,pytorch_call_method_misused,0,2922
Belval/TextRecognitionDataGenerator,in_place_apis_misused,0,2922
Belval/TextRecognitionDataGenerator,columns_and_datatype_not_explicitly_set,0,2922
Belval/TextRecognitionDataGenerator,tensor_array_not_used,0,2922
Belval/TextRecognitionDataGenerator,dataframe_conversion_api_misused,0,2922
Belval/TextRecognitionDataGenerator,unnecessary_iteration,0,2922
Belval/TextRecognitionDataGenerator,Chain_Indexing,0,2922
beyretb/AnimalAI-Olympics,gradients_not_cleared_before_backward_propagation,0,1876
beyretb/AnimalAI-Olympics,pytorch_call_method_misused,0,1876
beyretb/AnimalAI-Olympics,in_place_apis_misused,0,1876
beyretb/AnimalAI-Olympics,columns_and_datatype_not_explicitly_set,0,1876
beyretb/AnimalAI-Olympics,tensor_array_not_used,0,1876
beyretb/AnimalAI-Olympics,dataframe_conversion_api_misused,0,1876
beyretb/AnimalAI-Olympics,unnecessary_iteration,0,1876
beyretb/AnimalAI-Olympics,Chain_Indexing,0,1876
bitextor/bitextor,gradients_not_cleared_before_backward_propagation,0,3705
bitextor/bitextor,pytorch_call_method_misused,0,3705
bitextor/bitextor,in_place_apis_misused,0,3705
bitextor/bitextor,columns_and_datatype_not_explicitly_set,0,3705
bitextor/bitextor,tensor_array_not_used,0,3705
bitextor/bitextor,dataframe_conversion_api_misused,0,3705
bitextor/bitextor,unnecessary_iteration,0,3705
bitextor/bitextor,Chain_Indexing,0,3705
bricewalker/Hey-Jetson,gradients_not_cleared_before_backward_propagation,0,3314
bricewalker/Hey-Jetson,pytorch_call_method_misused,0,3314
bricewalker/Hey-Jetson,in_place_apis_misused,0,3314
bricewalker/Hey-Jetson,columns_and_datatype_not_explicitly_set,0,3314
bricewalker/Hey-Jetson,tensor_array_not_used,0,3314
bricewalker/Hey-Jetson,dataframe_conversion_api_misused,0,3314
bricewalker/Hey-Jetson,unnecessary_iteration,0,3314
bricewalker/Hey-Jetson,Chain_Indexing,0,3314
broadinstitute/keras-rcnn,gradients_not_cleared_before_backward_propagation,0,4683
broadinstitute/keras-rcnn,pytorch_call_method_misused,0,4683
broadinstitute/keras-rcnn,in_place_apis_misused,0,4683
broadinstitute/keras-rcnn,columns_and_datatype_not_explicitly_set,0,4683
broadinstitute/keras-rcnn,tensor_array_not_used,0,4683
broadinstitute/keras-rcnn,dataframe_conversion_api_misused,0,4683
broadinstitute/keras-rcnn,unnecessary_iteration,0,4683
broadinstitute/keras-rcnn,Chain_Indexing,0,4683
bureaucratic-labs/dostoevsky,gradients_not_cleared_before_backward_propagation,0,316
bureaucratic-labs/dostoevsky,pytorch_call_method_misused,0,316
bureaucratic-labs/dostoevsky,in_place_apis_misused,0,316
bureaucratic-labs/dostoevsky,columns_and_datatype_not_explicitly_set,0,316
bureaucratic-labs/dostoevsky,tensor_array_not_used,0,316
bureaucratic-labs/dostoevsky,dataframe_conversion_api_misused,0,316
bureaucratic-labs/dostoevsky,unnecessary_iteration,0,316
bureaucratic-labs/dostoevsky,Chain_Indexing,0,316
Cadene/bootstrap.pytorch,gradients_not_cleared_before_backward_propagation,0,2866
Cadene/bootstrap.pytorch,pytorch_call_method_misused,0,2866
Cadene/bootstrap.pytorch,in_place_apis_misused,0,2866
Cadene/bootstrap.pytorch,columns_and_datatype_not_explicitly_set,0,2866
Cadene/bootstrap.pytorch,tensor_array_not_used,0,2866
Cadene/bootstrap.pytorch,dataframe_conversion_api_misused,0,2866
Cadene/bootstrap.pytorch,unnecessary_iteration,0,2866
Cadene/bootstrap.pytorch,Chain_Indexing,0,2866
chuyangliu/snake,gradients_not_cleared_before_backward_propagation,0,2371
chuyangliu/snake,pytorch_call_method_misused,0,2371
chuyangliu/snake,in_place_apis_misused,0,2371
chuyangliu/snake,columns_and_datatype_not_explicitly_set,0,2371
chuyangliu/snake,tensor_array_not_used,0,2371
chuyangliu/snake,dataframe_conversion_api_misused,0,2371
chuyangliu/snake,unnecessary_iteration,0,2371
chuyangliu/snake,Chain_Indexing,0,2371
Ciphey/Ciphey,gradients_not_cleared_before_backward_propagation,0,4542
Ciphey/Ciphey,pytorch_call_method_misused,0,4542
Ciphey/Ciphey,in_place_apis_misused,0,4542
Ciphey/Ciphey,columns_and_datatype_not_explicitly_set,0,4542
Ciphey/Ciphey,tensor_array_not_used,0,4542
Ciphey/Ciphey,dataframe_conversion_api_misused,0,4542
Ciphey/Ciphey,unnecessary_iteration,0,4542
Ciphey/Ciphey,Chain_Indexing,0,4542
ClementPinard/SfmLearner-Pytorch,gradients_not_cleared_before_backward_propagation,0,2622
ClementPinard/SfmLearner-Pytorch,pytorch_call_method_misused,0,2622
ClementPinard/SfmLearner-Pytorch,in_place_apis_misused,0,2622
ClementPinard/SfmLearner-Pytorch,columns_and_datatype_not_explicitly_set,0,2622
ClementPinard/SfmLearner-Pytorch,tensor_array_not_used,0,2622
ClementPinard/SfmLearner-Pytorch,dataframe_conversion_api_misused,0,2622
ClementPinard/SfmLearner-Pytorch,unnecessary_iteration,0,2622
ClementPinard/SfmLearner-Pytorch,Chain_Indexing,0,2622
cmusatyalab/OpenTPOD,gradients_not_cleared_before_backward_propagation,0,1774
cmusatyalab/OpenTPOD,pytorch_call_method_misused,0,1774
cmusatyalab/OpenTPOD,in_place_apis_misused,0,1774
cmusatyalab/OpenTPOD,columns_and_datatype_not_explicitly_set,0,1774
cmusatyalab/OpenTPOD,tensor_array_not_used,0,1774
cmusatyalab/OpenTPOD,dataframe_conversion_api_misused,0,1774
cmusatyalab/OpenTPOD,unnecessary_iteration,0,1774
cmusatyalab/OpenTPOD,Chain_Indexing,0,1774
CyberZHG/keras-bert,gradients_not_cleared_before_backward_propagation,0,2374
CyberZHG/keras-bert,pytorch_call_method_misused,0,2374
CyberZHG/keras-bert,in_place_apis_misused,0,2374
CyberZHG/keras-bert,columns_and_datatype_not_explicitly_set,0,2374
CyberZHG/keras-bert,tensor_array_not_used,0,2374
CyberZHG/keras-bert,dataframe_conversion_api_misused,0,2374
CyberZHG/keras-bert,unnecessary_iteration,0,2374
CyberZHG/keras-bert,Chain_Indexing,0,2374
DagnyT/hardnet,gradients_not_cleared_before_backward_propagation,0,4265
DagnyT/hardnet,pytorch_call_method_misused,0,4265
DagnyT/hardnet,in_place_apis_misused,0,4265
DagnyT/hardnet,columns_and_datatype_not_explicitly_set,0,4265
DagnyT/hardnet,tensor_array_not_used,0,4265
DagnyT/hardnet,dataframe_conversion_api_misused,0,4265
DagnyT/hardnet,unnecessary_iteration,0,4265
DagnyT/hardnet,Chain_Indexing,0,4265
databricks/spark-deep-learning,gradients_not_cleared_before_backward_propagation,0,234
databricks/spark-deep-learning,pytorch_call_method_misused,0,234
databricks/spark-deep-learning,in_place_apis_misused,0,234
databricks/spark-deep-learning,columns_and_datatype_not_explicitly_set,0,234
databricks/spark-deep-learning,tensor_array_not_used,0,234
databricks/spark-deep-learning,dataframe_conversion_api_misused,0,234
databricks/spark-deep-learning,unnecessary_iteration,0,234
databricks/spark-deep-learning,Chain_Indexing,0,234
digantamisra98/Mish,gradients_not_cleared_before_backward_propagation,0,1642
digantamisra98/Mish,pytorch_call_method_misused,0,1642
digantamisra98/Mish,in_place_apis_misused,0,1642
digantamisra98/Mish,columns_and_datatype_not_explicitly_set,0,1642
digantamisra98/Mish,tensor_array_not_used,0,1642
digantamisra98/Mish,dataframe_conversion_api_misused,0,1642
digantamisra98/Mish,unnecessary_iteration,0,1642
digantamisra98/Mish,Chain_Indexing,0,1642
explosion/spacy-transformers,gradients_not_cleared_before_backward_propagation,0,1222
explosion/spacy-transformers,pytorch_call_method_misused,0,1222
explosion/spacy-transformers,in_place_apis_misused,0,1222
explosion/spacy-transformers,columns_and_datatype_not_explicitly_set,0,1222
explosion/spacy-transformers,tensor_array_not_used,0,1222
explosion/spacy-transformers,dataframe_conversion_api_misused,0,1222
explosion/spacy-transformers,unnecessary_iteration,0,1222
explosion/spacy-transformers,Chain_Indexing,0,1222
faustomorales/keras-ocr,gradients_not_cleared_before_backward_propagation,0,3377
faustomorales/keras-ocr,pytorch_call_method_misused,0,3377
faustomorales/keras-ocr,in_place_apis_misused,0,3377
faustomorales/keras-ocr,columns_and_datatype_not_explicitly_set,0,3377
faustomorales/keras-ocr,tensor_array_not_used,0,3377
faustomorales/keras-ocr,dataframe_conversion_api_misused,0,3377
faustomorales/keras-ocr,unnecessary_iteration,0,3377
faustomorales/keras-ocr,Chain_Indexing,0,3377
fbcotter/pytorch_wavelets,gradients_not_cleared_before_backward_propagation,0,4689
fbcotter/pytorch_wavelets,pytorch_call_method_misused,0,4689
fbcotter/pytorch_wavelets,in_place_apis_misused,0,4689
fbcotter/pytorch_wavelets,columns_and_datatype_not_explicitly_set,0,4689
fbcotter/pytorch_wavelets,tensor_array_not_used,0,4689
fbcotter/pytorch_wavelets,dataframe_conversion_api_misused,0,4689
fbcotter/pytorch_wavelets,unnecessary_iteration,0,4689
fbcotter/pytorch_wavelets,Chain_Indexing,0,4689
fizyr/keras-retinanet,gradients_not_cleared_before_backward_propagation,0,4646
fizyr/keras-retinanet,pytorch_call_method_misused,0,4646
fizyr/keras-retinanet,in_place_apis_misused,0,4646
fizyr/keras-retinanet,columns_and_datatype_not_explicitly_set,0,4646
fizyr/keras-retinanet,tensor_array_not_used,0,4646
fizyr/keras-retinanet,dataframe_conversion_api_misused,0,4646
fizyr/keras-retinanet,unnecessary_iteration,0,4646
fizyr/keras-retinanet,Chain_Indexing,0,4646
google/ml-metadata,gradients_not_cleared_before_backward_propagation,0,3336
google/ml-metadata,pytorch_call_method_misused,0,3336
google/ml-metadata,in_place_apis_misused,0,3336
google/ml-metadata,columns_and_datatype_not_explicitly_set,0,3336
google/ml-metadata,tensor_array_not_used,0,3336
google/ml-metadata,dataframe_conversion_api_misused,0,3336
google/ml-metadata,unnecessary_iteration,0,3336
google/ml-metadata,Chain_Indexing,0,3336
greentfrapp/lucent,gradients_not_cleared_before_backward_propagation,0,1973
greentfrapp/lucent,pytorch_call_method_misused,0,1973
greentfrapp/lucent,in_place_apis_misused,0,1973
greentfrapp/lucent,columns_and_datatype_not_explicitly_set,0,1973
greentfrapp/lucent,tensor_array_not_used,0,1973
greentfrapp/lucent,dataframe_conversion_api_misused,0,1973
greentfrapp/lucent,unnecessary_iteration,0,1973
greentfrapp/lucent,Chain_Indexing,0,1973
guillaume-be/rust-bert,gradients_not_cleared_before_backward_propagation,0,1180
guillaume-be/rust-bert,pytorch_call_method_misused,0,1180
guillaume-be/rust-bert,in_place_apis_misused,0,1180
guillaume-be/rust-bert,columns_and_datatype_not_explicitly_set,0,1180
guillaume-be/rust-bert,tensor_array_not_used,0,1180
guillaume-be/rust-bert,dataframe_conversion_api_misused,0,1180
guillaume-be/rust-bert,unnecessary_iteration,0,1180
guillaume-be/rust-bert,Chain_Indexing,0,1180
hanxiao/bert-as-service,gradients_not_cleared_before_backward_propagation,0,2849
hanxiao/bert-as-service,pytorch_call_method_misused,0,2849
hanxiao/bert-as-service,in_place_apis_misused,0,2849
hanxiao/bert-as-service,columns_and_datatype_not_explicitly_set,0,2849
hanxiao/bert-as-service,tensor_array_not_used,0,2849
hanxiao/bert-as-service,dataframe_conversion_api_misused,0,2849
hanxiao/bert-as-service,unnecessary_iteration,0,2849
hanxiao/bert-as-service,Chain_Indexing,0,2849
hse-aml/natural-language-processing,gradients_not_cleared_before_backward_propagation,0,1933
hse-aml/natural-language-processing,pytorch_call_method_misused,0,1933
hse-aml/natural-language-processing,in_place_apis_misused,0,1933
hse-aml/natural-language-processing,columns_and_datatype_not_explicitly_set,0,1933
hse-aml/natural-language-processing,tensor_array_not_used,0,1933
hse-aml/natural-language-processing,dataframe_conversion_api_misused,0,1933
hse-aml/natural-language-processing,unnecessary_iteration,0,1933
hse-aml/natural-language-processing,Chain_Indexing,0,1933
huggingface/neuralcoref,gradients_not_cleared_before_backward_propagation,0,3814
huggingface/neuralcoref,pytorch_call_method_misused,0,3814
huggingface/neuralcoref,in_place_apis_misused,0,3814
huggingface/neuralcoref,columns_and_datatype_not_explicitly_set,0,3814
huggingface/neuralcoref,tensor_array_not_used,0,3814
huggingface/neuralcoref,dataframe_conversion_api_misused,0,3814
huggingface/neuralcoref,unnecessary_iteration,0,3814
huggingface/neuralcoref,Chain_Indexing,0,3814
hunkim/PyTorchZeroToAll,gradients_not_cleared_before_backward_propagation,0,1281
hunkim/PyTorchZeroToAll,pytorch_call_method_misused,0,1281
hunkim/PyTorchZeroToAll,in_place_apis_misused,0,1281
hunkim/PyTorchZeroToAll,columns_and_datatype_not_explicitly_set,0,1281
hunkim/PyTorchZeroToAll,tensor_array_not_used,0,1281
hunkim/PyTorchZeroToAll,dataframe_conversion_api_misused,0,1281
hunkim/PyTorchZeroToAll,unnecessary_iteration,0,1281
hunkim/PyTorchZeroToAll,Chain_Indexing,0,1281
idealo/image-super-resolution,gradients_not_cleared_before_backward_propagation,0,2889
idealo/image-super-resolution,pytorch_call_method_misused,0,2889
idealo/image-super-resolution,in_place_apis_misused,0,2889
idealo/image-super-resolution,columns_and_datatype_not_explicitly_set,0,2889
idealo/image-super-resolution,tensor_array_not_used,0,2889
idealo/image-super-resolution,dataframe_conversion_api_misused,0,2889
idealo/image-super-resolution,unnecessary_iteration,0,2889
idealo/image-super-resolution,Chain_Indexing,0,2889
iskandr/fancyimpute,gradients_not_cleared_before_backward_propagation,0,1864
iskandr/fancyimpute,pytorch_call_method_misused,0,1864
iskandr/fancyimpute,in_place_apis_misused,0,1864
iskandr/fancyimpute,columns_and_datatype_not_explicitly_set,0,1864
iskandr/fancyimpute,tensor_array_not_used,0,1864
iskandr/fancyimpute,dataframe_conversion_api_misused,0,1864
iskandr/fancyimpute,unnecessary_iteration,0,1864
iskandr/fancyimpute,Chain_Indexing,0,1864
jakeret/tf_unet,gradients_not_cleared_before_backward_propagation,0,967
jakeret/tf_unet,pytorch_call_method_misused,0,967
jakeret/tf_unet,in_place_apis_misused,0,967
jakeret/tf_unet,columns_and_datatype_not_explicitly_set,0,967
jakeret/tf_unet,tensor_array_not_used,0,967
jakeret/tf_unet,dataframe_conversion_api_misused,0,967
jakeret/tf_unet,unnecessary_iteration,0,967
jakeret/tf_unet,Chain_Indexing,0,967
jettify/pytorch-optimizer,gradients_not_cleared_before_backward_propagation,0,3420
jettify/pytorch-optimizer,pytorch_call_method_misused,0,3420
jettify/pytorch-optimizer,in_place_apis_misused,0,3420
jettify/pytorch-optimizer,columns_and_datatype_not_explicitly_set,0,3420
jettify/pytorch-optimizer,tensor_array_not_used,0,3420
jettify/pytorch-optimizer,dataframe_conversion_api_misused,0,3420
jettify/pytorch-optimizer,unnecessary_iteration,0,3420
jettify/pytorch-optimizer,Chain_Indexing,0,3420
jtyoui/Jtyoui,gradients_not_cleared_before_backward_propagation,0,1475
jtyoui/Jtyoui,pytorch_call_method_misused,0,1475
jtyoui/Jtyoui,in_place_apis_misused,0,1475
jtyoui/Jtyoui,columns_and_datatype_not_explicitly_set,0,1475
jtyoui/Jtyoui,tensor_array_not_used,0,1475
jtyoui/Jtyoui,dataframe_conversion_api_misused,0,1475
jtyoui/Jtyoui,unnecessary_iteration,0,1475
jtyoui/Jtyoui,Chain_Indexing,0,1475
Kaixhin/Rainbow,gradients_not_cleared_before_backward_propagation,0,555
Kaixhin/Rainbow,pytorch_call_method_misused,0,555
Kaixhin/Rainbow,in_place_apis_misused,0,555
Kaixhin/Rainbow,columns_and_datatype_not_explicitly_set,0,555
Kaixhin/Rainbow,tensor_array_not_used,0,555
Kaixhin/Rainbow,dataframe_conversion_api_misused,0,555
Kaixhin/Rainbow,unnecessary_iteration,0,555
Kaixhin/Rainbow,Chain_Indexing,0,555
kan-bayashi/PytorchWaveNetVocoder,gradients_not_cleared_before_backward_propagation,0,1966
kan-bayashi/PytorchWaveNetVocoder,pytorch_call_method_misused,0,1966
kan-bayashi/PytorchWaveNetVocoder,in_place_apis_misused,0,1966
kan-bayashi/PytorchWaveNetVocoder,columns_and_datatype_not_explicitly_set,0,1966
kan-bayashi/PytorchWaveNetVocoder,tensor_array_not_used,0,1966
kan-bayashi/PytorchWaveNetVocoder,dataframe_conversion_api_misused,0,1966
kan-bayashi/PytorchWaveNetVocoder,unnecessary_iteration,0,1966
kan-bayashi/PytorchWaveNetVocoder,Chain_Indexing,0,1966
kermitt2/grobid,gradients_not_cleared_before_backward_propagation,0,93
kermitt2/grobid,pytorch_call_method_misused,0,93
kermitt2/grobid,in_place_apis_misused,0,93
kermitt2/grobid,columns_and_datatype_not_explicitly_set,0,93
kermitt2/grobid,tensor_array_not_used,0,93
kermitt2/grobid,dataframe_conversion_api_misused,0,93
kermitt2/grobid,unnecessary_iteration,0,93
kermitt2/grobid,Chain_Indexing,0,93
kk7nc/HDLTex,gradients_not_cleared_before_backward_propagation,0,443
kk7nc/HDLTex,pytorch_call_method_misused,0,443
kk7nc/HDLTex,in_place_apis_misused,0,443
kk7nc/HDLTex,columns_and_datatype_not_explicitly_set,0,443
kk7nc/HDLTex,tensor_array_not_used,0,443
kk7nc/HDLTex,dataframe_conversion_api_misused,0,443
kk7nc/HDLTex,unnecessary_iteration,0,443
kk7nc/HDLTex,Chain_Indexing,0,443
kk7nc/RMDL,gradients_not_cleared_before_backward_propagation,0,1434
kk7nc/RMDL,pytorch_call_method_misused,0,1434
kk7nc/RMDL,in_place_apis_misused,0,1434
kk7nc/RMDL,columns_and_datatype_not_explicitly_set,0,1434
kk7nc/RMDL,tensor_array_not_used,0,1434
kk7nc/RMDL,dataframe_conversion_api_misused,0,1434
kk7nc/RMDL,unnecessary_iteration,0,1434
kk7nc/RMDL,Chain_Indexing,0,1434
kleinee/jns,gradients_not_cleared_before_backward_propagation,0,28
kleinee/jns,pytorch_call_method_misused,0,28
kleinee/jns,in_place_apis_misused,0,28
kleinee/jns,columns_and_datatype_not_explicitly_set,0,28
kleinee/jns,tensor_array_not_used,0,28
kleinee/jns,dataframe_conversion_api_misused,0,28
kleinee/jns,unnecessary_iteration,0,28
kleinee/jns,Chain_Indexing,0,28
koursaros-ai/nboost,gradients_not_cleared_before_backward_propagation,0,1714
koursaros-ai/nboost,pytorch_call_method_misused,0,1714
koursaros-ai/nboost,in_place_apis_misused,0,1714
koursaros-ai/nboost,columns_and_datatype_not_explicitly_set,0,1714
koursaros-ai/nboost,tensor_array_not_used,0,1714
koursaros-ai/nboost,dataframe_conversion_api_misused,0,1714
koursaros-ai/nboost,unnecessary_iteration,0,1714
koursaros-ai/nboost,Chain_Indexing,0,1714
LiberAI/NSpM,gradients_not_cleared_before_backward_propagation,0,2921
LiberAI/NSpM,pytorch_call_method_misused,0,2921
LiberAI/NSpM,in_place_apis_misused,0,2921
LiberAI/NSpM,columns_and_datatype_not_explicitly_set,0,2921
LiberAI/NSpM,tensor_array_not_used,0,2921
LiberAI/NSpM,dataframe_conversion_api_misused,0,2921
LiberAI/NSpM,unnecessary_iteration,0,2921
LiberAI/NSpM,Chain_Indexing,0,2921
lufficc/SSD,gradients_not_cleared_before_backward_propagation,0,2807
lufficc/SSD,pytorch_call_method_misused,0,2807
lufficc/SSD,in_place_apis_misused,0,2807
lufficc/SSD,columns_and_datatype_not_explicitly_set,0,2807
lufficc/SSD,tensor_array_not_used,0,2807
lufficc/SSD,dataframe_conversion_api_misused,0,2807
lufficc/SSD,unnecessary_iteration,0,2807
lufficc/SSD,Chain_Indexing,0,2807
Lyken17/pytorch-OpCounter,gradients_not_cleared_before_backward_propagation,0,523
Lyken17/pytorch-OpCounter,pytorch_call_method_misused,0,523
Lyken17/pytorch-OpCounter,in_place_apis_misused,0,523
Lyken17/pytorch-OpCounter,columns_and_datatype_not_explicitly_set,0,523
Lyken17/pytorch-OpCounter,tensor_array_not_used,0,523
Lyken17/pytorch-OpCounter,dataframe_conversion_api_misused,0,523
Lyken17/pytorch-OpCounter,unnecessary_iteration,0,523
Lyken17/pytorch-OpCounter,Chain_Indexing,0,523
machine-learning-apps/Issue-Label-Bot,gradients_not_cleared_before_backward_propagation,0,1200
machine-learning-apps/Issue-Label-Bot,pytorch_call_method_misused,0,1200
machine-learning-apps/Issue-Label-Bot,in_place_apis_misused,0,1200
machine-learning-apps/Issue-Label-Bot,columns_and_datatype_not_explicitly_set,0,1200
machine-learning-apps/Issue-Label-Bot,tensor_array_not_used,0,1200
machine-learning-apps/Issue-Label-Bot,dataframe_conversion_api_misused,0,1200
machine-learning-apps/Issue-Label-Bot,unnecessary_iteration,0,1200
machine-learning-apps/Issue-Label-Bot,Chain_Indexing,0,1200
mapbox/robosat,gradients_not_cleared_before_backward_propagation,0,1863
mapbox/robosat,pytorch_call_method_misused,0,1863
mapbox/robosat,in_place_apis_misused,0,1863
mapbox/robosat,columns_and_datatype_not_explicitly_set,0,1863
mapbox/robosat,tensor_array_not_used,0,1863
mapbox/robosat,dataframe_conversion_api_misused,0,1863
mapbox/robosat,unnecessary_iteration,0,1863
mapbox/robosat,Chain_Indexing,0,1863
MarkUsProject/Markus,gradients_not_cleared_before_backward_propagation,0,2188
MarkUsProject/Markus,pytorch_call_method_misused,0,2188
MarkUsProject/Markus,in_place_apis_misused,0,2188
MarkUsProject/Markus,columns_and_datatype_not_explicitly_set,0,2188
MarkUsProject/Markus,tensor_array_not_used,0,2188
MarkUsProject/Markus,dataframe_conversion_api_misused,0,2188
MarkUsProject/Markus,unnecessary_iteration,0,2188
MarkUsProject/Markus,Chain_Indexing,0,2188
MaybeShewill-CV/CRNN_Tensorflow,gradients_not_cleared_before_backward_propagation,0,2209
MaybeShewill-CV/CRNN_Tensorflow,pytorch_call_method_misused,0,2209
MaybeShewill-CV/CRNN_Tensorflow,in_place_apis_misused,0,2209
MaybeShewill-CV/CRNN_Tensorflow,columns_and_datatype_not_explicitly_set,0,2209
MaybeShewill-CV/CRNN_Tensorflow,tensor_array_not_used,0,2209
MaybeShewill-CV/CRNN_Tensorflow,dataframe_conversion_api_misused,0,2209
MaybeShewill-CV/CRNN_Tensorflow,unnecessary_iteration,0,2209
MaybeShewill-CV/CRNN_Tensorflow,Chain_Indexing,0,2209
MaybeShewill-CV/lanenet-lane-detection,gradients_not_cleared_before_backward_propagation,0,3461
MaybeShewill-CV/lanenet-lane-detection,pytorch_call_method_misused,0,3461
MaybeShewill-CV/lanenet-lane-detection,in_place_apis_misused,0,3461
MaybeShewill-CV/lanenet-lane-detection,columns_and_datatype_not_explicitly_set,0,3461
MaybeShewill-CV/lanenet-lane-detection,tensor_array_not_used,0,3461
MaybeShewill-CV/lanenet-lane-detection,dataframe_conversion_api_misused,0,3461
MaybeShewill-CV/lanenet-lane-detection,unnecessary_iteration,0,3461
MaybeShewill-CV/lanenet-lane-detection,Chain_Indexing,0,3461
mesutpiskin/computer-vision-guide,gradients_not_cleared_before_backward_propagation,0,964
mesutpiskin/computer-vision-guide,pytorch_call_method_misused,0,964
mesutpiskin/computer-vision-guide,in_place_apis_misused,0,964
mesutpiskin/computer-vision-guide,columns_and_datatype_not_explicitly_set,0,964
mesutpiskin/computer-vision-guide,tensor_array_not_used,0,964
mesutpiskin/computer-vision-guide,dataframe_conversion_api_misused,0,964
mesutpiskin/computer-vision-guide,unnecessary_iteration,0,964
mesutpiskin/computer-vision-guide,Chain_Indexing,0,964
michaelhush/M-LOOP,gradients_not_cleared_before_backward_propagation,0,4091
michaelhush/M-LOOP,pytorch_call_method_misused,0,4091
michaelhush/M-LOOP,in_place_apis_misused,0,4091
michaelhush/M-LOOP,columns_and_datatype_not_explicitly_set,0,4091
michaelhush/M-LOOP,tensor_array_not_used,0,4091
michaelhush/M-LOOP,dataframe_conversion_api_misused,0,4091
michaelhush/M-LOOP,unnecessary_iteration,0,4091
michaelhush/M-LOOP,Chain_Indexing,0,4091
microsoft/AdaptiveCards,gradients_not_cleared_before_backward_propagation,0,4318
microsoft/AdaptiveCards,pytorch_call_method_misused,0,4318
microsoft/AdaptiveCards,in_place_apis_misused,0,4318
microsoft/AdaptiveCards,columns_and_datatype_not_explicitly_set,0,4318
microsoft/AdaptiveCards,tensor_array_not_used,0,4318
microsoft/AdaptiveCards,dataframe_conversion_api_misused,0,4318
microsoft/AdaptiveCards,unnecessary_iteration,0,4318
microsoft/AdaptiveCards,Chain_Indexing,0,4318
microsoft/tf2-gnn,gradients_not_cleared_before_backward_propagation,0,4049
microsoft/tf2-gnn,pytorch_call_method_misused,0,4049
microsoft/tf2-gnn,in_place_apis_misused,0,4049
microsoft/tf2-gnn,columns_and_datatype_not_explicitly_set,0,4049
microsoft/tf2-gnn,tensor_array_not_used,0,4049
microsoft/tf2-gnn,dataframe_conversion_api_misused,0,4049
microsoft/tf2-gnn,unnecessary_iteration,0,4049
microsoft/tf2-gnn,Chain_Indexing,0,4049
microsoft/Windows-Machine-Learning,gradients_not_cleared_before_backward_propagation,0,251
microsoft/Windows-Machine-Learning,pytorch_call_method_misused,0,251
microsoft/Windows-Machine-Learning,in_place_apis_misused,0,251
microsoft/Windows-Machine-Learning,columns_and_datatype_not_explicitly_set,0,251
microsoft/Windows-Machine-Learning,tensor_array_not_used,0,251
microsoft/Windows-Machine-Learning,dataframe_conversion_api_misused,0,251
microsoft/Windows-Machine-Learning,unnecessary_iteration,0,251
microsoft/Windows-Machine-Learning,Chain_Indexing,0,251
Mini-Conf/Mini-Conf,gradients_not_cleared_before_backward_propagation,0,352
Mini-Conf/Mini-Conf,pytorch_call_method_misused,0,352
Mini-Conf/Mini-Conf,in_place_apis_misused,0,352
Mini-Conf/Mini-Conf,columns_and_datatype_not_explicitly_set,0,352
Mini-Conf/Mini-Conf,tensor_array_not_used,0,352
Mini-Conf/Mini-Conf,dataframe_conversion_api_misused,0,352
Mini-Conf/Mini-Conf,unnecessary_iteration,0,352
Mini-Conf/Mini-Conf,Chain_Indexing,0,352
MITK/MITK,gradients_not_cleared_before_backward_propagation,0,10
MITK/MITK,pytorch_call_method_misused,0,10
MITK/MITK,in_place_apis_misused,0,10
MITK/MITK,columns_and_datatype_not_explicitly_set,0,10
MITK/MITK,tensor_array_not_used,0,10
MITK/MITK,dataframe_conversion_api_misused,0,10
MITK/MITK,unnecessary_iteration,0,10
MITK/MITK,Chain_Indexing,0,10
mnicnc404/CartoonGan-tensorflow,gradients_not_cleared_before_backward_propagation,0,1652
mnicnc404/CartoonGan-tensorflow,pytorch_call_method_misused,0,1652
mnicnc404/CartoonGan-tensorflow,in_place_apis_misused,0,1652
mnicnc404/CartoonGan-tensorflow,columns_and_datatype_not_explicitly_set,0,1652
mnicnc404/CartoonGan-tensorflow,tensor_array_not_used,0,1652
mnicnc404/CartoonGan-tensorflow,dataframe_conversion_api_misused,0,1652
mnicnc404/CartoonGan-tensorflow,unnecessary_iteration,0,1652
mnicnc404/CartoonGan-tensorflow,Chain_Indexing,0,1652
mozilla/fathom,gradients_not_cleared_before_backward_propagation,0,1690
mozilla/fathom,pytorch_call_method_misused,0,1690
mozilla/fathom,in_place_apis_misused,0,1690
mozilla/fathom,columns_and_datatype_not_explicitly_set,0,1690
mozilla/fathom,tensor_array_not_used,0,1690
mozilla/fathom,dataframe_conversion_api_misused,0,1690
mozilla/fathom,unnecessary_iteration,0,1690
mozilla/fathom,Chain_Indexing,0,1690
MycroftAI/mycroft-precise,gradients_not_cleared_before_backward_propagation,0,2375
MycroftAI/mycroft-precise,pytorch_call_method_misused,0,2375
MycroftAI/mycroft-precise,in_place_apis_misused,0,2375
MycroftAI/mycroft-precise,columns_and_datatype_not_explicitly_set,0,2375
MycroftAI/mycroft-precise,tensor_array_not_used,0,2375
MycroftAI/mycroft-precise,dataframe_conversion_api_misused,0,2375
MycroftAI/mycroft-precise,unnecessary_iteration,0,2375
MycroftAI/mycroft-precise,Chain_Indexing,0,2375
nerox8664/pytorch2keras,gradients_not_cleared_before_backward_propagation,0,2890
nerox8664/pytorch2keras,pytorch_call_method_misused,0,2890
nerox8664/pytorch2keras,in_place_apis_misused,0,2890
nerox8664/pytorch2keras,columns_and_datatype_not_explicitly_set,0,2890
nerox8664/pytorch2keras,tensor_array_not_used,0,2890
nerox8664/pytorch2keras,dataframe_conversion_api_misused,0,2890
nerox8664/pytorch2keras,unnecessary_iteration,0,2890
nerox8664/pytorch2keras,Chain_Indexing,0,2890
NLeSC/mcfly,gradients_not_cleared_before_backward_propagation,0,1378
NLeSC/mcfly,pytorch_call_method_misused,0,1378
NLeSC/mcfly,in_place_apis_misused,0,1378
NLeSC/mcfly,columns_and_datatype_not_explicitly_set,0,1378
NLeSC/mcfly,tensor_array_not_used,0,1378
NLeSC/mcfly,dataframe_conversion_api_misused,0,1378
NLeSC/mcfly,unnecessary_iteration,0,1378
NLeSC/mcfly,Chain_Indexing,0,1378
numenta/nupic.torch,gradients_not_cleared_before_backward_propagation,0,2752
numenta/nupic.torch,pytorch_call_method_misused,0,2752
numenta/nupic.torch,in_place_apis_misused,0,2752
numenta/nupic.torch,columns_and_datatype_not_explicitly_set,0,2752
numenta/nupic.torch,tensor_array_not_used,0,2752
numenta/nupic.torch,dataframe_conversion_api_misused,0,2752
numenta/nupic.torch,unnecessary_iteration,0,2752
numenta/nupic.torch,Chain_Indexing,0,2752
NVIDIA/tacotron2,gradients_not_cleared_before_backward_propagation,0,1427
NVIDIA/tacotron2,pytorch_call_method_misused,0,1427
NVIDIA/tacotron2,in_place_apis_misused,0,1427
NVIDIA/tacotron2,columns_and_datatype_not_explicitly_set,0,1427
NVIDIA/tacotron2,tensor_array_not_used,0,1427
NVIDIA/tacotron2,dataframe_conversion_api_misused,0,1427
NVIDIA/tacotron2,unnecessary_iteration,0,1427
NVIDIA/tacotron2,Chain_Indexing,0,1427
Open-Debin/Emotion-FAN,gradients_not_cleared_before_backward_propagation,0,1363
Open-Debin/Emotion-FAN,pytorch_call_method_misused,0,1363
Open-Debin/Emotion-FAN,in_place_apis_misused,0,1363
Open-Debin/Emotion-FAN,columns_and_datatype_not_explicitly_set,0,1363
Open-Debin/Emotion-FAN,tensor_array_not_used,0,1363
Open-Debin/Emotion-FAN,dataframe_conversion_api_misused,0,1363
Open-Debin/Emotion-FAN,unnecessary_iteration,0,1363
Open-Debin/Emotion-FAN,Chain_Indexing,0,1363
ownthink/Jiagu,gradients_not_cleared_before_backward_propagation,0,1780
ownthink/Jiagu,pytorch_call_method_misused,0,1780
ownthink/Jiagu,in_place_apis_misused,0,1780
ownthink/Jiagu,columns_and_datatype_not_explicitly_set,0,1780
ownthink/Jiagu,tensor_array_not_used,0,1780
ownthink/Jiagu,dataframe_conversion_api_misused,0,1780
ownthink/Jiagu,unnecessary_iteration,0,1780
ownthink/Jiagu,Chain_Indexing,0,1780
parlance/ctcdecode,gradients_not_cleared_before_backward_propagation,0,238
parlance/ctcdecode,pytorch_call_method_misused,0,238
parlance/ctcdecode,in_place_apis_misused,0,238
parlance/ctcdecode,columns_and_datatype_not_explicitly_set,0,238
parlance/ctcdecode,tensor_array_not_used,0,238
parlance/ctcdecode,dataframe_conversion_api_misused,0,238
parlance/ctcdecode,unnecessary_iteration,0,238
parlance/ctcdecode,Chain_Indexing,0,238
persephone-tools/persephone,gradients_not_cleared_before_backward_propagation,0,3791
persephone-tools/persephone,pytorch_call_method_misused,0,3791
persephone-tools/persephone,in_place_apis_misused,0,3791
persephone-tools/persephone,columns_and_datatype_not_explicitly_set,0,3791
persephone-tools/persephone,tensor_array_not_used,0,3791
persephone-tools/persephone,dataframe_conversion_api_misused,0,3791
persephone-tools/persephone,unnecessary_iteration,0,3791
persephone-tools/persephone,Chain_Indexing,0,3791
PetrochukM/PyTorch-NLP,gradients_not_cleared_before_backward_propagation,0,4596
PetrochukM/PyTorch-NLP,pytorch_call_method_misused,0,4596
PetrochukM/PyTorch-NLP,in_place_apis_misused,0,4596
PetrochukM/PyTorch-NLP,columns_and_datatype_not_explicitly_set,0,4596
PetrochukM/PyTorch-NLP,tensor_array_not_used,0,4596
PetrochukM/PyTorch-NLP,dataframe_conversion_api_misused,0,4596
PetrochukM/PyTorch-NLP,unnecessary_iteration,0,4596
PetrochukM/PyTorch-NLP,Chain_Indexing,0,4596
philipperemy/keract,gradients_not_cleared_before_backward_propagation,0,1054
philipperemy/keract,pytorch_call_method_misused,0,1054
philipperemy/keract,in_place_apis_misused,0,1054
philipperemy/keract,columns_and_datatype_not_explicitly_set,0,1054
philipperemy/keract,tensor_array_not_used,0,1054
philipperemy/keract,dataframe_conversion_api_misused,0,1054
philipperemy/keract,unnecessary_iteration,0,1054
philipperemy/keract,Chain_Indexing,0,1054
piEsposito/blitz-bayesian-deep-learning,gradients_not_cleared_before_backward_propagation,0,2260
piEsposito/blitz-bayesian-deep-learning,pytorch_call_method_misused,0,2260
piEsposito/blitz-bayesian-deep-learning,in_place_apis_misused,0,2260
piEsposito/blitz-bayesian-deep-learning,columns_and_datatype_not_explicitly_set,0,2260
piEsposito/blitz-bayesian-deep-learning,tensor_array_not_used,0,2260
piEsposito/blitz-bayesian-deep-learning,dataframe_conversion_api_misused,0,2260
piEsposito/blitz-bayesian-deep-learning,unnecessary_iteration,0,2260
piEsposito/blitz-bayesian-deep-learning,Chain_Indexing,0,2260
pytorch/builder,gradients_not_cleared_before_backward_propagation,0,1511
pytorch/builder,pytorch_call_method_misused,0,1511
pytorch/builder,in_place_apis_misused,0,1511
pytorch/builder,columns_and_datatype_not_explicitly_set,0,1511
pytorch/builder,tensor_array_not_used,0,1511
pytorch/builder,dataframe_conversion_api_misused,0,1511
pytorch/builder,unnecessary_iteration,0,1511
pytorch/builder,Chain_Indexing,0,1511
rusty1s/pytorch_scatter,gradients_not_cleared_before_backward_propagation,0,1357
rusty1s/pytorch_scatter,pytorch_call_method_misused,0,1357
rusty1s/pytorch_scatter,in_place_apis_misused,0,1357
rusty1s/pytorch_scatter,columns_and_datatype_not_explicitly_set,0,1357
rusty1s/pytorch_scatter,tensor_array_not_used,0,1357
rusty1s/pytorch_scatter,dataframe_conversion_api_misused,0,1357
rusty1s/pytorch_scatter,unnecessary_iteration,0,1357
rusty1s/pytorch_scatter,Chain_Indexing,0,1357
SeanNaren/deepspeech.pytorch,gradients_not_cleared_before_backward_propagation,0,2787
SeanNaren/deepspeech.pytorch,pytorch_call_method_misused,0,2787
SeanNaren/deepspeech.pytorch,in_place_apis_misused,0,2787
SeanNaren/deepspeech.pytorch,columns_and_datatype_not_explicitly_set,0,2787
SeanNaren/deepspeech.pytorch,tensor_array_not_used,0,2787
SeanNaren/deepspeech.pytorch,dataframe_conversion_api_misused,0,2787
SeanNaren/deepspeech.pytorch,unnecessary_iteration,0,2787
SeanNaren/deepspeech.pytorch,Chain_Indexing,0,2787
sergionr2/RacingRobot,gradients_not_cleared_before_backward_propagation,0,1630
sergionr2/RacingRobot,pytorch_call_method_misused,0,1630
sergionr2/RacingRobot,in_place_apis_misused,0,1630
sergionr2/RacingRobot,columns_and_datatype_not_explicitly_set,0,1630
sergionr2/RacingRobot,tensor_array_not_used,0,1630
sergionr2/RacingRobot,dataframe_conversion_api_misused,0,1630
sergionr2/RacingRobot,unnecessary_iteration,0,1630
sergionr2/RacingRobot,Chain_Indexing,0,1630
ShangtongZhang/DeepRL,gradients_not_cleared_before_backward_propagation,0,3019
ShangtongZhang/DeepRL,pytorch_call_method_misused,0,3019
ShangtongZhang/DeepRL,in_place_apis_misused,0,3019
ShangtongZhang/DeepRL,columns_and_datatype_not_explicitly_set,0,3019
ShangtongZhang/DeepRL,tensor_array_not_used,0,3019
ShangtongZhang/DeepRL,dataframe_conversion_api_misused,0,3019
ShangtongZhang/DeepRL,unnecessary_iteration,0,3019
ShangtongZhang/DeepRL,Chain_Indexing,0,3019
silvandeleemput/memcnn,gradients_not_cleared_before_backward_propagation,0,2739
silvandeleemput/memcnn,pytorch_call_method_misused,0,2739
silvandeleemput/memcnn,in_place_apis_misused,0,2739
silvandeleemput/memcnn,columns_and_datatype_not_explicitly_set,0,2739
silvandeleemput/memcnn,tensor_array_not_used,0,2739
silvandeleemput/memcnn,dataframe_conversion_api_misused,0,2739
silvandeleemput/memcnn,unnecessary_iteration,0,2739
silvandeleemput/memcnn,Chain_Indexing,0,2739
sisl/NeuralVerification.jl,gradients_not_cleared_before_backward_propagation,0,61
sisl/NeuralVerification.jl,pytorch_call_method_misused,0,61
sisl/NeuralVerification.jl,in_place_apis_misused,0,61
sisl/NeuralVerification.jl,columns_and_datatype_not_explicitly_set,0,61
sisl/NeuralVerification.jl,tensor_array_not_used,0,61
sisl/NeuralVerification.jl,dataframe_conversion_api_misused,0,61
sisl/NeuralVerification.jl,unnecessary_iteration,0,61
sisl/NeuralVerification.jl,Chain_Indexing,0,61
SkalskiP/ILearnDeepLearning.py,gradients_not_cleared_before_backward_propagation,0,4374
SkalskiP/ILearnDeepLearning.py,pytorch_call_method_misused,0,4374
SkalskiP/ILearnDeepLearning.py,in_place_apis_misused,0,4374
SkalskiP/ILearnDeepLearning.py,columns_and_datatype_not_explicitly_set,0,4374
SkalskiP/ILearnDeepLearning.py,tensor_array_not_used,0,4374
SkalskiP/ILearnDeepLearning.py,dataframe_conversion_api_misused,0,4374
SkalskiP/ILearnDeepLearning.py,unnecessary_iteration,0,4374
SkalskiP/ILearnDeepLearning.py,Chain_Indexing,0,4374
spotify/zoltar,gradients_not_cleared_before_backward_propagation,0,99
spotify/zoltar,pytorch_call_method_misused,0,99
spotify/zoltar,in_place_apis_misused,0,99
spotify/zoltar,columns_and_datatype_not_explicitly_set,0,99
spotify/zoltar,tensor_array_not_used,0,99
spotify/zoltar,dataframe_conversion_api_misused,0,99
spotify/zoltar,unnecessary_iteration,0,99
spotify/zoltar,Chain_Indexing,0,99
TAMU-VITA/DeblurGANv2,gradients_not_cleared_before_backward_propagation,0,2238
TAMU-VITA/DeblurGANv2,pytorch_call_method_misused,0,2238
TAMU-VITA/DeblurGANv2,in_place_apis_misused,0,2238
TAMU-VITA/DeblurGANv2,columns_and_datatype_not_explicitly_set,0,2238
TAMU-VITA/DeblurGANv2,tensor_array_not_used,0,2238
TAMU-VITA/DeblurGANv2,dataframe_conversion_api_misused,0,2238
TAMU-VITA/DeblurGANv2,unnecessary_iteration,0,2238
TAMU-VITA/DeblurGANv2,Chain_Indexing,0,2238
tech-srl/code2vec,gradients_not_cleared_before_backward_propagation,0,2348
tech-srl/code2vec,pytorch_call_method_misused,0,2348
tech-srl/code2vec,in_place_apis_misused,0,2348
tech-srl/code2vec,columns_and_datatype_not_explicitly_set,0,2348
tech-srl/code2vec,tensor_array_not_used,0,2348
tech-srl/code2vec,dataframe_conversion_api_misused,0,2348
tech-srl/code2vec,unnecessary_iteration,0,2348
tech-srl/code2vec,Chain_Indexing,0,2348
tensorflow/serving,gradients_not_cleared_before_backward_propagation,0,2177
tensorflow/serving,pytorch_call_method_misused,0,2177
tensorflow/serving,in_place_apis_misused,0,2177
tensorflow/serving,columns_and_datatype_not_explicitly_set,0,2177
tensorflow/serving,tensor_array_not_used,0,2177
tensorflow/serving,dataframe_conversion_api_misused,0,2177
tensorflow/serving,unnecessary_iteration,0,2177
tensorflow/serving,Chain_Indexing,0,2177
Tiiiger/QPyTorch,gradients_not_cleared_before_backward_propagation,0,4123
Tiiiger/QPyTorch,pytorch_call_method_misused,0,4123
Tiiiger/QPyTorch,in_place_apis_misused,0,4123
Tiiiger/QPyTorch,columns_and_datatype_not_explicitly_set,0,4123
Tiiiger/QPyTorch,tensor_array_not_used,0,4123
Tiiiger/QPyTorch,dataframe_conversion_api_misused,0,4123
Tiiiger/QPyTorch,unnecessary_iteration,0,4123
Tiiiger/QPyTorch,Chain_Indexing,0,4123
tobybreckon/fire-detection-cnn,gradients_not_cleared_before_backward_propagation,0,695
tobybreckon/fire-detection-cnn,pytorch_call_method_misused,0,695
tobybreckon/fire-detection-cnn,in_place_apis_misused,0,695
tobybreckon/fire-detection-cnn,columns_and_datatype_not_explicitly_set,0,695
tobybreckon/fire-detection-cnn,tensor_array_not_used,0,695
tobybreckon/fire-detection-cnn,dataframe_conversion_api_misused,0,695
tobybreckon/fire-detection-cnn,unnecessary_iteration,0,695
tobybreckon/fire-detection-cnn,Chain_Indexing,0,695
tofunlp/lineflow,gradients_not_cleared_before_backward_propagation,0,2757
tofunlp/lineflow,pytorch_call_method_misused,0,2757
tofunlp/lineflow,in_place_apis_misused,0,2757
tofunlp/lineflow,columns_and_datatype_not_explicitly_set,0,2757
tofunlp/lineflow,tensor_array_not_used,0,2757
tofunlp/lineflow,dataframe_conversion_api_misused,0,2757
tofunlp/lineflow,unnecessary_iteration,0,2757
tofunlp/lineflow,Chain_Indexing,0,2757
trekhleb/machine-learning-experiments,gradients_not_cleared_before_backward_propagation,0,3292
trekhleb/machine-learning-experiments,pytorch_call_method_misused,0,3292
trekhleb/machine-learning-experiments,in_place_apis_misused,0,3292
trekhleb/machine-learning-experiments,columns_and_datatype_not_explicitly_set,0,3292
trekhleb/machine-learning-experiments,tensor_array_not_used,0,3292
trekhleb/machine-learning-experiments,dataframe_conversion_api_misused,0,3292
trekhleb/machine-learning-experiments,unnecessary_iteration,0,3292
trekhleb/machine-learning-experiments,Chain_Indexing,0,3292
tristandeleu/pytorch-maml-rl,gradients_not_cleared_before_backward_propagation,0,1710
tristandeleu/pytorch-maml-rl,pytorch_call_method_misused,0,1710
tristandeleu/pytorch-maml-rl,in_place_apis_misused,0,1710
tristandeleu/pytorch-maml-rl,columns_and_datatype_not_explicitly_set,0,1710
tristandeleu/pytorch-maml-rl,tensor_array_not_used,0,1710
tristandeleu/pytorch-maml-rl,dataframe_conversion_api_misused,0,1710
tristandeleu/pytorch-maml-rl,unnecessary_iteration,0,1710
tristandeleu/pytorch-maml-rl,Chain_Indexing,0,1710
udacity/CarND-Capstone,gradients_not_cleared_before_backward_propagation,0,674
udacity/CarND-Capstone,pytorch_call_method_misused,0,674
udacity/CarND-Capstone,in_place_apis_misused,0,674
udacity/CarND-Capstone,columns_and_datatype_not_explicitly_set,0,674
udacity/CarND-Capstone,tensor_array_not_used,0,674
udacity/CarND-Capstone,dataframe_conversion_api_misused,0,674
udacity/CarND-Capstone,unnecessary_iteration,0,674
udacity/CarND-Capstone,Chain_Indexing,0,674
ultralytics/xview-yolov3,gradients_not_cleared_before_backward_propagation,0,1425
ultralytics/xview-yolov3,pytorch_call_method_misused,0,1425
ultralytics/xview-yolov3,in_place_apis_misused,0,1425
ultralytics/xview-yolov3,columns_and_datatype_not_explicitly_set,0,1425
ultralytics/xview-yolov3,tensor_array_not_used,0,1425
ultralytics/xview-yolov3,dataframe_conversion_api_misused,0,1425
ultralytics/xview-yolov3,unnecessary_iteration,0,1425
ultralytics/xview-yolov3,Chain_Indexing,0,1425
Unity-Technologies/marathon-envs,gradients_not_cleared_before_backward_propagation,0,676
Unity-Technologies/marathon-envs,pytorch_call_method_misused,0,676
Unity-Technologies/marathon-envs,in_place_apis_misused,0,676
Unity-Technologies/marathon-envs,columns_and_datatype_not_explicitly_set,0,676
Unity-Technologies/marathon-envs,tensor_array_not_used,0,676
Unity-Technologies/marathon-envs,dataframe_conversion_api_misused,0,676
Unity-Technologies/marathon-envs,unnecessary_iteration,0,676
Unity-Technologies/marathon-envs,Chain_Indexing,0,676
VainF/pytorch-msssim,gradients_not_cleared_before_backward_propagation,0,687
VainF/pytorch-msssim,pytorch_call_method_misused,0,687
VainF/pytorch-msssim,in_place_apis_misused,0,687
VainF/pytorch-msssim,columns_and_datatype_not_explicitly_set,0,687
VainF/pytorch-msssim,tensor_array_not_used,0,687
VainF/pytorch-msssim,dataframe_conversion_api_misused,0,687
VainF/pytorch-msssim,unnecessary_iteration,0,687
VainF/pytorch-msssim,Chain_Indexing,0,687
veaba/ncov,gradients_not_cleared_before_backward_propagation,0,407
veaba/ncov,pytorch_call_method_misused,0,407
veaba/ncov,in_place_apis_misused,0,407
veaba/ncov,columns_and_datatype_not_explicitly_set,0,407
veaba/ncov,tensor_array_not_used,0,407
veaba/ncov,dataframe_conversion_api_misused,0,407
veaba/ncov,unnecessary_iteration,0,407
veaba/ncov,Chain_Indexing,0,407
videoflow/videoflow,gradients_not_cleared_before_backward_propagation,0,2693
videoflow/videoflow,pytorch_call_method_misused,0,2693
videoflow/videoflow,in_place_apis_misused,0,2693
videoflow/videoflow,columns_and_datatype_not_explicitly_set,0,2693
videoflow/videoflow,tensor_array_not_used,0,2693
videoflow/videoflow,dataframe_conversion_api_misused,0,2693
videoflow/videoflow,unnecessary_iteration,0,2693
videoflow/videoflow,Chain_Indexing,0,2693
vita-epfl/monoloco,gradients_not_cleared_before_backward_propagation,0,2971
vita-epfl/monoloco,pytorch_call_method_misused,0,2971
vita-epfl/monoloco,in_place_apis_misused,0,2971
vita-epfl/monoloco,columns_and_datatype_not_explicitly_set,0,2971
vita-epfl/monoloco,tensor_array_not_used,0,2971
vita-epfl/monoloco,dataframe_conversion_api_misused,0,2971
vita-epfl/monoloco,unnecessary_iteration,0,2971
vita-epfl/monoloco,Chain_Indexing,0,2971
xiaomiwujiecao/DataAnalysisInAction,gradients_not_cleared_before_backward_propagation,0,1648
xiaomiwujiecao/DataAnalysisInAction,pytorch_call_method_misused,0,1648
xiaomiwujiecao/DataAnalysisInAction,in_place_apis_misused,0,1648
xiaomiwujiecao/DataAnalysisInAction,columns_and_datatype_not_explicitly_set,0,1648
xiaomiwujiecao/DataAnalysisInAction,tensor_array_not_used,0,1648
xiaomiwujiecao/DataAnalysisInAction,dataframe_conversion_api_misused,0,1648
xiaomiwujiecao/DataAnalysisInAction,unnecessary_iteration,0,1648
xiaomiwujiecao/DataAnalysisInAction,Chain_Indexing,0,1648
YaleDHLab/pix-plot,gradients_not_cleared_before_backward_propagation,0,981
YaleDHLab/pix-plot,pytorch_call_method_misused,0,981
YaleDHLab/pix-plot,in_place_apis_misused,0,981
YaleDHLab/pix-plot,columns_and_datatype_not_explicitly_set,0,981
YaleDHLab/pix-plot,tensor_array_not_used,0,981
YaleDHLab/pix-plot,dataframe_conversion_api_misused,0,981
YaleDHLab/pix-plot,unnecessary_iteration,0,981
YaleDHLab/pix-plot,Chain_Indexing,0,981
yehengchen/Object-Detection-and-Tracking,gradients_not_cleared_before_backward_propagation,0,4368
yehengchen/Object-Detection-and-Tracking,pytorch_call_method_misused,0,4368
yehengchen/Object-Detection-and-Tracking,in_place_apis_misused,0,4368
yehengchen/Object-Detection-and-Tracking,columns_and_datatype_not_explicitly_set,0,4368
yehengchen/Object-Detection-and-Tracking,tensor_array_not_used,0,4368
yehengchen/Object-Detection-and-Tracking,dataframe_conversion_api_misused,0,4368
yehengchen/Object-Detection-and-Tracking,unnecessary_iteration,0,4368
yehengchen/Object-Detection-and-Tracking,Chain_Indexing,0,4368
yunjey/pytorch-tutorial,gradients_not_cleared_before_backward_propagation,0,1301
yunjey/pytorch-tutorial,pytorch_call_method_misused,0,1301
yunjey/pytorch-tutorial,in_place_apis_misused,0,1301
yunjey/pytorch-tutorial,columns_and_datatype_not_explicitly_set,0,1301
yunjey/pytorch-tutorial,tensor_array_not_used,0,1301
yunjey/pytorch-tutorial,dataframe_conversion_api_misused,0,1301
yunjey/pytorch-tutorial,unnecessary_iteration,0,1301
yunjey/pytorch-tutorial,Chain_Indexing,0,1301
zeusees/HyperLPR,gradients_not_cleared_before_backward_propagation,0,2634
zeusees/HyperLPR,pytorch_call_method_misused,0,2634
zeusees/HyperLPR,in_place_apis_misused,0,2634
zeusees/HyperLPR,columns_and_datatype_not_explicitly_set,0,2634
zeusees/HyperLPR,tensor_array_not_used,0,2634
zeusees/HyperLPR,dataframe_conversion_api_misused,0,2634
zeusees/HyperLPR,unnecessary_iteration,0,2634
zeusees/HyperLPR,Chain_Indexing,0,2634
zhijian-liu/torchprofile,gradients_not_cleared_before_backward_propagation,0,396
zhijian-liu/torchprofile,pytorch_call_method_misused,0,396
zhijian-liu/torchprofile,in_place_apis_misused,0,396
zhijian-liu/torchprofile,columns_and_datatype_not_explicitly_set,0,396
zhijian-liu/torchprofile,tensor_array_not_used,0,396
zhijian-liu/torchprofile,dataframe_conversion_api_misused,0,396
zhijian-liu/torchprofile,unnecessary_iteration,0,396
zhijian-liu/torchprofile,Chain_Indexing,0,396
lucidrains/reformer-pytorch,merge_api_parameter_not_explicitly_set,0,1406
hysts/pytorch_image_classification,merge_api_parameter_not_explicitly_set,0,4643
songlab-cal/tape,merge_api_parameter_not_explicitly_set,0,4763
snipsco/tract,merge_api_parameter_not_explicitly_set,0,249
interpretml/interpret-text,merge_api_parameter_not_explicitly_set,0,3659
drscotthawley/panotti,merge_api_parameter_not_explicitly_set,0,2175
MAIF/melusine,merge_api_parameter_not_explicitly_set,0,4435
gjy3035/C-3-Framework,merge_api_parameter_not_explicitly_set,0,4303
frankkramer-lab/MIScnn,merge_api_parameter_not_explicitly_set,0,4637
molecularsets/moses,merge_api_parameter_not_explicitly_set,0,4587
wikipedia2vec/wikipedia2vec,merge_api_parameter_not_explicitly_set,0,1570
AICoE/prometheus-anomaly-detector,merge_api_parameter_not_explicitly_set,0,1441
explosion/prodigy-recipes,merge_api_parameter_not_explicitly_set,0,2472
thunlp/OpenNRE,merge_api_parameter_not_explicitly_set,0,2181
keunwoochoi/kapre,merge_api_parameter_not_explicitly_set,0,1621
Ha0Tang/AttentionGAN,merge_api_parameter_not_explicitly_set,0,3360
arogozhnikov/hep_ml,merge_api_parameter_not_explicitly_set,0,3507
pytorch/examples,merge_api_parameter_not_explicitly_set,0,3609
aiqm/torchani,merge_api_parameter_not_explicitly_set,0,4738
kdexd/virtex,merge_api_parameter_not_explicitly_set,0,3753
jantic/DeOldify,merge_api_parameter_not_explicitly_set,0,3191
asappresearch/sru,merge_api_parameter_not_explicitly_set,0,3357
Sujit-O/pykg2vec,merge_api_parameter_not_explicitly_set,0,4522
hunglc007/tensorflow-yolov4-tflite,merge_api_parameter_not_explicitly_set,0,2670
r9y9/nnsvs,merge_api_parameter_not_explicitly_set,0,2737
ZQPei/deep_sort_pytorch,merge_api_parameter_not_explicitly_set,0,3379
NVIDIA/TRTorch,merge_api_parameter_not_explicitly_set,0,1687
joeynmt/joeynmt,merge_api_parameter_not_explicitly_set,0,4470
geyang/ml_logger,merge_api_parameter_not_explicitly_set,0,4072
RexYing/gnn-model-explainer,merge_api_parameter_not_explicitly_set,0,3968
philipperemy/deep-speaker,merge_api_parameter_not_explicitly_set,0,1158
MrGiovanni/ModelsGenesis,merge_api_parameter_not_explicitly_set,0,1127
BrikerMan/Kashgari,merge_api_parameter_not_explicitly_set,0,4420
lukemelas/EfficientNet-PyTorch,merge_api_parameter_not_explicitly_set,0,2682
beringresearch/ivis,merge_api_parameter_not_explicitly_set,0,1694
nyanp/nyaggle,merge_api_parameter_not_explicitly_set,0,3871
philipperemy/keras-tcn,merge_api_parameter_not_explicitly_set,0,1007
Ha0Tang/GestureGAN,merge_api_parameter_not_explicitly_set,0,1618
vespa-engine/sample-apps,merge_api_parameter_not_explicitly_set,0,3673
mdeff/fma,merge_api_parameter_not_explicitly_set,0,1451
stephenhky/PyShortTextCategorization,merge_api_parameter_not_explicitly_set,0,2880
MisaOgura/flashtorch,merge_api_parameter_not_explicitly_set,0,1210
ria-com/nomeroff-net,merge_api_parameter_not_explicitly_set,0,4626
jeongyoonlee/Kaggler,merge_api_parameter_not_explicitly_set,0,1659
swechhachoudhary/Handwriting-synthesis,merge_api_parameter_not_explicitly_set,0,1613
ultralytics/yolov5,merge_api_parameter_not_explicitly_set,0,3842
serengil/deepface,merge_api_parameter_not_explicitly_set,0,2724
feedly/transfer-nlp,merge_api_parameter_not_explicitly_set,0,3827
malllabiisc/RESIDE,merge_api_parameter_not_explicitly_set,0,2484
Tianxiaomo/pytorch-YOLOv4,merge_api_parameter_not_explicitly_set,0,4647
knazeri/edge-connect,merge_api_parameter_not_explicitly_set,0,1489
deezer/spleeter,merge_api_parameter_not_explicitly_set,0,2404
biolib/openprotein,merge_api_parameter_not_explicitly_set,0,2241
graknlabs/kglib,merge_api_parameter_not_explicitly_set,0,2314
alvinwan/neural-backed-decision-trees,merge_api_parameter_not_explicitly_set,0,3383
mlmed/torchxrayvision,merge_api_parameter_not_explicitly_set,0,4530
tensorflow/tcav,merge_api_parameter_not_explicitly_set,0,2479
ultralytics/yolov3,merge_api_parameter_not_explicitly_set,0,3830
interpretml/DiCE,merge_api_parameter_not_explicitly_set,0,3133
natethegreate/hent-AI,merge_api_parameter_not_explicitly_set,0,4687
AFAgarap/cnn-svm,merge_api_parameter_not_explicitly_set,0,557
tlatkowski/multihead-siamese-nets,merge_api_parameter_not_explicitly_set,0,3221
richzhang/colorization-pytorch,merge_api_parameter_not_explicitly_set,0,1901
timesler/facenet-pytorch,merge_api_parameter_not_explicitly_set,0,2029
adobe/antialiased-cnns,merge_api_parameter_not_explicitly_set,0,1785
junyanz/pytorch-CycleGAN-and-pix2pix,merge_api_parameter_not_explicitly_set,0,2253
tensorflow/fairness-indicators,merge_api_parameter_not_explicitly_set,0,2818
AaronWard/covidify,merge_api_parameter_not_explicitly_set,0,1666
alfredfrancis/ai-chatbot-framework,merge_api_parameter_not_explicitly_set,0,1516
allenai/scibert,merge_api_parameter_not_explicitly_set,0,1237
anicolson/DeepXi,merge_api_parameter_not_explicitly_set,0,2301
apachecn/pytorch-doc-zh,merge_api_parameter_not_explicitly_set,0,41
arogozhnikov/einops,merge_api_parameter_not_explicitly_set,0,3449
as-ideas/TransformerTTS,merge_api_parameter_not_explicitly_set,0,4195
baldassarreFe/deep-koalarization,merge_api_parameter_not_explicitly_set,0,2616
batra-mlp-lab/visdial-challenge-starter-pytorch,merge_api_parameter_not_explicitly_set,0,1510
Belval/TextRecognitionDataGenerator,merge_api_parameter_not_explicitly_set,0,2922
beyretb/AnimalAI-Olympics,merge_api_parameter_not_explicitly_set,0,1876
bitextor/bitextor,merge_api_parameter_not_explicitly_set,0,3705
bricewalker/Hey-Jetson,merge_api_parameter_not_explicitly_set,0,3314
broadinstitute/keras-rcnn,merge_api_parameter_not_explicitly_set,0,4683
bureaucratic-labs/dostoevsky,merge_api_parameter_not_explicitly_set,0,316
Cadene/bootstrap.pytorch,merge_api_parameter_not_explicitly_set,0,2866
chuyangliu/snake,merge_api_parameter_not_explicitly_set,0,2371
Ciphey/Ciphey,merge_api_parameter_not_explicitly_set,0,4542
ClementPinard/SfmLearner-Pytorch,merge_api_parameter_not_explicitly_set,0,2622
cmusatyalab/OpenTPOD,merge_api_parameter_not_explicitly_set,0,1774
CyberZHG/keras-bert,merge_api_parameter_not_explicitly_set,0,2374
DagnyT/hardnet,merge_api_parameter_not_explicitly_set,0,4265
databricks/spark-deep-learning,merge_api_parameter_not_explicitly_set,0,234
digantamisra98/Mish,merge_api_parameter_not_explicitly_set,0,1642
explosion/spacy-transformers,merge_api_parameter_not_explicitly_set,0,1222
faustomorales/keras-ocr,merge_api_parameter_not_explicitly_set,0,3377
fbcotter/pytorch_wavelets,merge_api_parameter_not_explicitly_set,0,4689
fizyr/keras-retinanet,merge_api_parameter_not_explicitly_set,0,4646
google/ml-metadata,merge_api_parameter_not_explicitly_set,0,3336
greentfrapp/lucent,merge_api_parameter_not_explicitly_set,0,1973
guillaume-be/rust-bert,merge_api_parameter_not_explicitly_set,0,1180
hanxiao/bert-as-service,merge_api_parameter_not_explicitly_set,0,2849
hse-aml/natural-language-processing,merge_api_parameter_not_explicitly_set,0,1933
huggingface/neuralcoref,merge_api_parameter_not_explicitly_set,0,3814
hunkim/PyTorchZeroToAll,merge_api_parameter_not_explicitly_set,0,1281
idealo/image-super-resolution,merge_api_parameter_not_explicitly_set,0,2889
iskandr/fancyimpute,merge_api_parameter_not_explicitly_set,0,1864
jakeret/tf_unet,merge_api_parameter_not_explicitly_set,0,967
jettify/pytorch-optimizer,merge_api_parameter_not_explicitly_set,0,3420
jtyoui/Jtyoui,merge_api_parameter_not_explicitly_set,0,1475
Kaixhin/Rainbow,merge_api_parameter_not_explicitly_set,0,555
kan-bayashi/PytorchWaveNetVocoder,merge_api_parameter_not_explicitly_set,0,1966
kermitt2/grobid,merge_api_parameter_not_explicitly_set,0,93
kk7nc/HDLTex,merge_api_parameter_not_explicitly_set,0,443
kk7nc/RMDL,merge_api_parameter_not_explicitly_set,0,1434
kleinee/jns,merge_api_parameter_not_explicitly_set,0,28
koursaros-ai/nboost,merge_api_parameter_not_explicitly_set,0,1714
LiberAI/NSpM,merge_api_parameter_not_explicitly_set,0,2921
lufficc/SSD,merge_api_parameter_not_explicitly_set,0,2807
Lyken17/pytorch-OpCounter,merge_api_parameter_not_explicitly_set,0,523
machine-learning-apps/Issue-Label-Bot,merge_api_parameter_not_explicitly_set,0,1200
mapbox/robosat,merge_api_parameter_not_explicitly_set,0,1863
MarkUsProject/Markus,merge_api_parameter_not_explicitly_set,0,2188
MaybeShewill-CV/CRNN_Tensorflow,merge_api_parameter_not_explicitly_set,0,2209
MaybeShewill-CV/lanenet-lane-detection,merge_api_parameter_not_explicitly_set,0,3461
mesutpiskin/computer-vision-guide,merge_api_parameter_not_explicitly_set,0,964
michaelhush/M-LOOP,merge_api_parameter_not_explicitly_set,0,4091
microsoft/AdaptiveCards,merge_api_parameter_not_explicitly_set,0,4318
microsoft/tf2-gnn,merge_api_parameter_not_explicitly_set,0,4049
microsoft/Windows-Machine-Learning,merge_api_parameter_not_explicitly_set,0,251
Mini-Conf/Mini-Conf,merge_api_parameter_not_explicitly_set,0,352
MITK/MITK,merge_api_parameter_not_explicitly_set,0,10
mnicnc404/CartoonGan-tensorflow,merge_api_parameter_not_explicitly_set,0,1652
mozilla/fathom,merge_api_parameter_not_explicitly_set,0,1690
MycroftAI/mycroft-precise,merge_api_parameter_not_explicitly_set,0,2375
nerox8664/pytorch2keras,merge_api_parameter_not_explicitly_set,0,2890
NLeSC/mcfly,merge_api_parameter_not_explicitly_set,0,1378
numenta/nupic.torch,merge_api_parameter_not_explicitly_set,0,2752
NVIDIA/tacotron2,merge_api_parameter_not_explicitly_set,0,1427
Open-Debin/Emotion-FAN,merge_api_parameter_not_explicitly_set,0,1363
ownthink/Jiagu,merge_api_parameter_not_explicitly_set,0,1780
parlance/ctcdecode,merge_api_parameter_not_explicitly_set,0,238
persephone-tools/persephone,merge_api_parameter_not_explicitly_set,0,3791
PetrochukM/PyTorch-NLP,merge_api_parameter_not_explicitly_set,0,4596
philipperemy/keract,merge_api_parameter_not_explicitly_set,0,1054
piEsposito/blitz-bayesian-deep-learning,merge_api_parameter_not_explicitly_set,0,2260
pytorch/builder,merge_api_parameter_not_explicitly_set,0,1511
rusty1s/pytorch_scatter,merge_api_parameter_not_explicitly_set,0,1357
SeanNaren/deepspeech.pytorch,merge_api_parameter_not_explicitly_set,0,2787
sergionr2/RacingRobot,merge_api_parameter_not_explicitly_set,0,1630
ShangtongZhang/DeepRL,merge_api_parameter_not_explicitly_set,0,3019
silvandeleemput/memcnn,merge_api_parameter_not_explicitly_set,0,2739
sisl/NeuralVerification.jl,merge_api_parameter_not_explicitly_set,0,61
SkalskiP/ILearnDeepLearning.py,merge_api_parameter_not_explicitly_set,0,4374
spotify/zoltar,merge_api_parameter_not_explicitly_set,0,99
TAMU-VITA/DeblurGANv2,merge_api_parameter_not_explicitly_set,0,2238
tech-srl/code2vec,merge_api_parameter_not_explicitly_set,0,2348
tensorflow/serving,merge_api_parameter_not_explicitly_set,0,2177
Tiiiger/QPyTorch,merge_api_parameter_not_explicitly_set,0,4123
tobybreckon/fire-detection-cnn,merge_api_parameter_not_explicitly_set,0,695
tofunlp/lineflow,merge_api_parameter_not_explicitly_set,0,2757
trekhleb/machine-learning-experiments,merge_api_parameter_not_explicitly_set,0,3292
tristandeleu/pytorch-maml-rl,merge_api_parameter_not_explicitly_set,0,1710
udacity/CarND-Capstone,merge_api_parameter_not_explicitly_set,0,674
ultralytics/xview-yolov3,merge_api_parameter_not_explicitly_set,0,1425
Unity-Technologies/marathon-envs,merge_api_parameter_not_explicitly_set,0,676
VainF/pytorch-msssim,merge_api_parameter_not_explicitly_set,0,687
veaba/ncov,merge_api_parameter_not_explicitly_set,0,407
videoflow/videoflow,merge_api_parameter_not_explicitly_set,0,2693
vita-epfl/monoloco,merge_api_parameter_not_explicitly_set,0,2971
xiaomiwujiecao/DataAnalysisInAction,merge_api_parameter_not_explicitly_set,0,1648
YaleDHLab/pix-plot,merge_api_parameter_not_explicitly_set,0,981
yehengchen/Object-Detection-and-Tracking,merge_api_parameter_not_explicitly_set,0,4368
yunjey/pytorch-tutorial,merge_api_parameter_not_explicitly_set,0,1301
zeusees/HyperLPR,merge_api_parameter_not_explicitly_set,0,2634
zhijian-liu/torchprofile,merge_api_parameter_not_explicitly_set,0,396
